Time,Monday,Tuesday,Wednesday,Thursday,Friday,Saturday,Sunday
0:00,30,31,37,47,53,123,99
0:01,11,3,5,16,18,26,42
0:02,0,1,1,5,1,5,0
0:03,0,2,1,0,1,0,2
0:04,0,1,0,0,2,2,1
0:05,20,7,15,9,20,32,31
0:06,0,0,0,0,0,1,3
0:07,0,0,1,2,1,1,1
0:08,0,0,0,0,0,2,3
0:09,1,0,1,1,0,0,2
0:10,12,4,9,18,21,21,28
0:11,0,0,0,0,0,1,0
0:12,1,0,0,1,0,3,1
0:13,0,1,1,0,0,1,4
0:14,1,0,1,0,2,4,1
0:15,7,6,6,13,23,36,28
0:16,1,0,1,1,2,1,0
0:17,0,3,1,1,1,0,0
0:18,1,1,1,0,0,0,0
0:20,12,9,7,15,13,31,25
0:21,0,0,0,2,0,1,5
0:22,1,0,1,0,1,0,0
0:23,1,0,0,0,2,2,1
0:24,0,2,0,0,0,2,2
0:25,5,4,5,9,6,16,16
0:26,0,0,0,0,1,3,3
0:27,1,0,0,0,0,3,2
0:28,0,1,1,0,1,0,5
0:29,0,0,0,3,1,3,0
0:30,23,16,21,26,48,56,60
0:31,1,0,0,2,0,0,2
0:32,0,0,0,0,0,3,1
0:33,0,0,1,0,2,0,2
0:34,0,1,0,1,2,2,0
0:35,3,1,3,3,9,21,18
0:36,0,1,0,0,0,1,1
0:37,0,1,1,0,0,2,0
0:38,0,0,0,0,0,1,0
0:39,1,0,0,0,1,0,1
0:40,7,7,5,11,8,26,17
0:41,0,2,0,0,0,1,1
0:42,0,1,0,1,1,0,0
0:43,1,0,1,0,1,0,2
0:44,0,0,0,1,0,0,0
0:45,3,7,4,12,18,30,18
0:46,0,1,2,0,0,0,0
0:47,0,0,0,1,0,3,0
0:48,0,1,0,0,0,1,2
0:49,0,0,0,0,0,1,0
0:50,6,7,5,8,12,22,15
0:51,0,0,0,0,1,2,0
0:52,0,0,0,1,1,4,0
0:53,0,2,2,0,2,0,0
0:54,0,0,0,2,0,0,1
0:55,3,2,3,5,12,18,10
0:56,0,0,0,1,1,0,1
0:57,0,0,1,0,2,1,2
0:58,1,2,0,0,1,2,0
0:59,0,0,1,0,1,0,3
1:00,53,33,49,49,81,160,143
1:01,1,0,0,0,1,1,1
1:02,0,0,0,1,1,1,2
1:03,1,0,0,0,2,1,2
1:04,0,0,1,0,0,1,2
1:05,8,5,5,1,7,17,13
1:06,0,0,2,0,0,0,1
1:07,0,0,1,1,0,1,0
1:08,3,1,0,0,2,9,3
1:09,0,1,0,1,2,0,0
1:10,7,8,3,8,12,20,21
1:11,1,2,0,1,0,8,1
1:12,0,0,0,0,0,2,2
1:13,0,0,0,0,0,1,3
1:14,1,0,0,1,1,1,1
1:15,7,3,10,14,13,20,33
1:16,0,0,0,0,0,1,1
1:17,1,2,0,0,1,1,1
1:18,2,0,0,0,0,0,2
1:19,0,1,3,1,0,2,1
1:20,11,3,9,7,11,24,26
1:21,0,1,0,0,0,0,0
1:22,0,0,0,0,1,0,1
1:23,0,0,0,0,1,3,2
1:24,0,0,0,0,0,0,2
1:25,5,2,4,4,4,9,9
1:26,1,1,0,0,0,1,7
1:27,0,1,0,1,0,0,0
1:28,0,0,0,0,1,3,1
1:29,0,1,0,0,0,2,1
1:30,10,12,20,16,21,60,68
1:31,0,0,0,0,1,0,0
1:32,2,0,0,0,0,1,0
1:33,2,0,0,1,2,6,1
1:34,1,0,0,1,0,2,1
1:35,4,4,4,11,7,12,10
1:36,0,0,0,0,1,3,1
1:37,1,1,1,2,0,1,3
1:38,1,0,2,0,0,3,0
1:39,0,0,1,1,1,0,0
1:40,4,6,2,7,8,17,15
1:41,1,0,0,0,0,0,1
1:42,0,1,0,0,0,2,1
1:43,0,0,0,0,0,0,2
1:44,0,0,0,0,0,2,1
1:45,9,8,7,11,17,33,32
1:46,0,0,1,0,1,1,0
1:47,0,1,2,0,0,1,1
1:48,0,1,0,1,0,2,1
1:49,0,1,0,2,0,0,2
1:50,6,5,8,8,10,32,27
1:51,0,0,1,0,0,3,0
1:52,0,0,1,1,3,0,0
1:53,0,0,0,0,2,1,0
1:54,0,0,0,1,2,2,0
1:55,4,4,5,2,1,11,9
1:56,0,0,0,1,0,0,0
1:57,0,0,0,0,0,1,2
1:58,0,0,0,0,2,1,0
1:59,0,0,0,0,1,2,0
2:00,37,26,35,63,59,154,135
2:01,1,0,0,1,0,0,0
2:03,0,2,0,2,0,1,0
2:04,1,1,0,0,3,1,2
2:05,4,1,0,4,2,15,6
2:06,1,0,0,0,0,2,0
2:07,0,0,0,0,1,1,0
2:08,1,0,2,0,4,4,1
2:09,0,0,0,0,0,0,1
2:10,4,8,4,13,13,20,29
2:11,1,0,0,0,0,1,1
2:12,0,0,0,0,0,1,1
2:13,0,0,0,0,1,1,2
2:14,0,0,0,0,0,2,2
2:15,2,8,3,6,6,25,23
2:16,0,0,0,0,1,3,3
2:17,0,0,0,0,0,1,0
2:18,1,0,0,1,1,2,1
2:19,1,0,0,0,1,1,1
2:20,4,10,3,13,6,23,25
2:22,0,0,0,2,0,2,1
2:23,0,0,0,1,0,0,0
2:24,0,1,0,2,0,2,0
2:25,5,0,1,7,3,12,8
2:26,0,0,0,1,2,4,0
2:27,0,0,0,0,0,4,3
2:28,0,1,0,0,1,1,0
2:29,0,0,0,0,0,1,0
2:30,14,7,17,16,19,73,64
2:31,0,0,0,1,0,1,1
2:32,0,0,0,0,0,4,0
2:33,0,0,0,0,0,1,1
2:34,1,2,0,1,0,2,1
2:35,2,1,1,0,3,6,11
2:36,0,0,1,0,1,0,0
2:38,0,0,0,0,1,0,2
2:39,0,0,1,0,0,0,2
2:40,2,3,4,5,6,28,15
2:41,0,0,1,1,0,0,0
2:42,0,0,0,0,0,1,0
2:43,1,0,1,0,1,2,0
2:44,0,0,0,2,1,0,2
2:45,3,7,6,6,9,15,31
2:46,0,0,0,0,1,0,0
2:47,0,0,1,0,0,0,0
2:48,0,0,2,0,3,1,2
2:49,0,2,0,0,0,0,1
2:50,5,7,5,5,13,26,22
2:51,0,1,0,0,0,0,1
2:52,1,0,0,0,1,1,1
2:53,1,0,0,0,0,0,1
2:54,0,0,1,0,2,0,0
2:55,2,7,4,4,3,11,10
2:57,0,0,0,1,0,2,1
2:58,0,1,1,0,0,2,0
2:59,0,0,1,0,2,0,0
3:00,32,25,34,51,62,138,137
3:01,1,0,0,0,0,2,0
3:02,0,0,2,1,0,0,1
3:03,2,2,0,0,1,1,0
3:04,0,0,0,0,0,0,1
3:05,1,1,7,3,1,9,12
3:06,0,1,0,1,0,0,0
3:07,1,0,0,0,0,1,0
3:08,1,1,1,0,1,3,2
3:09,0,0,0,2,0,1,0
3:10,7,5,2,2,6,20,21
3:11,1,0,0,0,0,1,3
3:12,0,1,0,0,2,1,0
3:13,0,0,0,1,1,0,2
3:14,1,1,0,0,0,1,1
3:15,9,5,5,14,15,39,23
3:16,0,0,0,0,0,1,4
3:17,1,1,0,0,1,1,0
3:18,3,0,0,0,1,0,1
3:19,0,0,1,0,1,2,1
3:20,4,4,3,5,10,14,21
3:21,0,0,3,0,0,0,3
3:22,0,0,0,4,0,1,1
3:23,1,0,0,1,3,0,1
3:24,0,0,0,0,0,4,0
3:25,1,3,1,2,5,11,6
3:26,0,0,0,0,0,3,0
3:28,1,0,0,0,2,2,1
3:30,10,8,9,9,64,40,41
3:32,0,1,0,0,0,0,2
3:33,0,0,2,0,0,0,1
3:34,0,0,0,0,0,1,2
3:35,3,1,4,1,6,7,8
3:36,0,0,0,0,0,1,0
3:37,1,0,0,0,0,1,1
3:38,0,0,0,1,2,4,0
3:39,0,1,0,0,1,0,0
3:40,2,2,6,3,16,14,18
3:42,1,0,0,0,0,0,0
3:43,0,0,0,0,0,1,0
3:44,0,0,0,0,0,1,2
3:45,2,7,4,3,10,22,20
3:46,0,0,1,1,0,1,0
3:47,0,0,0,0,0,2,0
3:48,0,0,0,0,0,0,4
3:49,0,0,0,0,0,2,0
3:50,4,4,4,3,5,22,17
3:52,0,0,0,1,2,0,0
3:53,0,0,0,1,0,0,0
3:54,1,1,0,1,0,0,1
3:55,1,2,4,5,3,6,11
3:56,0,0,0,0,0,2,0
3:57,0,0,0,1,1,0,3
3:58,0,1,0,0,3,0,0
3:59,0,0,1,0,0,2,0
4:00,36,35,35,38,61,120,102
4:01,0,0,0,0,0,0,1
4:02,0,0,0,0,0,1,1
4:04,0,1,0,1,1,0,1
4:05,2,2,1,4,2,8,10
4:06,0,0,0,1,1,2,0
4:07,0,1,0,0,0,2,1
4:08,0,0,0,0,1,1,3
4:09,0,0,2,0,1,1,0
4:10,9,6,5,2,9,19,6
4:11,0,0,0,0,2,0,1
4:12,0,0,0,1,1,0,0
4:13,0,0,0,1,0,0,1
4:14,0,0,1,0,0,2,1
4:15,6,9,6,5,7,13,19
4:16,0,0,0,0,0,0,1
4:17,0,0,1,0,0,2,0
4:18,1,0,0,0,0,0,0
4:19,0,0,1,2,0,1,1
4:20,2,6,7,3,5,16,20
4:21,0,0,0,0,0,2,0
4:22,0,1,0,0,1,0,0
4:23,0,0,0,0,0,1,0
4:24,2,0,0,0,0,1,0
4:25,0,4,4,2,7,12,3
4:27,0,0,0,0,0,0,1
4:28,0,0,0,0,1,2,0
4:29,0,0,0,0,0,1,0
4:30,11,14,14,10,21,37,38
4:31,0,1,0,0,0,0,0
4:32,0,0,0,0,0,0,1
4:33,0,0,0,0,0,0,2
4:34,0,0,0,0,0,0,1
4:35,0,3,4,0,4,5,4
4:36,1,0,0,2,0,0,2
4:37,0,0,2,1,2,2,0
4:38,0,1,0,0,1,0,2
4:39,0,0,1,0,0,0,0
4:40,3,5,4,7,8,15,9
4:41,0,1,0,0,0,1,0
4:42,0,0,0,0,1,1,1
4:43,0,0,0,0,0,3,0
4:44,0,0,0,1,0,2,0
4:45,5,6,7,7,14,25,11
4:46,0,0,1,0,0,1,0
4:47,0,0,0,0,0,1,0
4:48,0,1,0,0,0,0,1
4:49,0,0,0,0,0,1,3
4:50,9,3,5,3,11,17,8
4:51,0,0,0,2,1,0,0
4:52,0,0,0,0,1,3,0
4:54,0,0,1,0,0,0,0
4:55,2,4,1,4,3,16,11
4:56,0,1,0,0,0,1,2
4:58,0,0,0,0,0,0,1
5:00,51,59,61,54,71,104,108
5:02,0,0,0,0,0,2,2
5:03,0,1,1,0,0,1,2
5:04,0,1,0,1,1,0,0
5:05,4,2,6,6,3,11,2
5:06,1,4,0,1,0,1,0
5:07,2,0,3,0,0,2,1
5:08,0,0,0,1,0,0,0
5:09,0,0,0,1,0,3,0
5:10,9,3,11,2,6,5,14
5:11,0,0,0,1,0,0,0
5:12,0,1,0,0,1,2,2
5:13,0,1,1,0,0,0,1
5:14,0,0,1,0,1,1,0
5:15,8,6,10,15,14,13,18
5:16,0,0,1,0,1,0,1
5:17,1,0,0,0,0,0,0
5:18,3,0,1,2,0,1,3
5:19,0,1,1,0,0,1,0
5:20,11,11,10,11,9,19,7
5:21,0,0,0,0,0,1,1
5:22,0,0,0,1,1,0,0
5:23,0,1,0,0,0,1,0
5:24,0,0,0,0,0,0,1
5:25,2,6,2,3,4,6,3
5:26,0,0,1,0,2,0,3
5:28,1,0,0,0,0,2,1
5:29,0,1,0,0,0,1,1
5:30,15,15,12,16,24,32,19
5:31,0,0,1,0,0,1,0
5:32,0,0,0,1,0,2,0
5:33,0,1,2,0,2,0,0
5:34,0,0,0,1,1,0,0
5:35,3,4,3,4,1,7,11
5:36,0,0,0,0,0,0,1
5:37,0,1,1,1,1,0,1
5:38,1,0,1,0,2,0,1
5:39,0,0,0,1,1,3,0
5:40,13,7,5,12,10,15,8
5:41,0,0,0,0,0,0,1
5:42,0,0,1,1,0,0,1
5:43,1,0,0,1,0,0,2
5:44,0,1,0,2,0,2,0
5:45,21,13,15,16,9,14,23
5:46,0,0,1,0,1,0,2
5:47,1,1,1,0,0,0,0
5:48,0,0,0,0,0,2,0
5:49,0,0,0,0,0,0,1
5:50,14,12,6,12,12,10,10
5:51,2,0,0,2,0,0,1
5:52,1,0,0,0,0,0,2
5:53,0,0,1,1,0,3,0
5:54,0,1,0,1,0,1,1
5:55,3,7,11,4,7,11,6
5:56,0,0,1,0,1,2,0
5:58,0,2,0,1,2,1,0
5:59,0,1,1,1,0,0,0
6:00,86,63,99,75,81,88,77
6:01,0,1,0,0,0,1,0
6:02,2,0,0,0,0,0,0
6:03,0,1,0,1,0,1,0
6:04,0,0,3,2,0,0,1
6:05,7,5,7,10,4,9,9
6:06,6,0,0,0,0,1,1
6:07,0,1,0,0,1,1,1
6:08,1,0,1,2,1,0,1
6:09,1,0,2,1,1,2,3
6:10,7,4,9,12,25,20,16
6:11,1,0,0,0,0,0,1
6:12,5,1,1,0,2,1,0
6:13,0,1,2,1,2,1,0
6:14,0,0,0,1,0,1,0
6:15,12,13,15,15,19,8,23
6:16,0,3,0,0,0,1,0
6:17,0,0,2,2,1,1,1
6:18,0,1,1,1,1,1,0
6:19,1,0,3,1,0,0,0
6:20,14,11,15,11,24,14,12
6:21,0,1,0,0,0,0,1
6:22,0,0,2,2,0,2,0
6:23,2,1,2,2,6,0,1
6:24,0,1,0,1,1,1,2
6:25,3,7,12,11,14,13,11
6:26,0,1,0,1,2,1,0
6:27,1,0,0,0,1,0,1
6:28,2,1,0,3,3,0,0
6:29,1,0,1,0,0,0,0
6:30,20,30,21,24,24,47,34
6:31,0,0,0,0,0,0,1
6:32,0,0,1,2,0,0,2
6:33,2,1,2,0,0,0,0
6:34,1,0,0,0,1,0,0
6:35,6,2,15,3,9,10,4
6:36,0,0,0,0,1,0,0
6:37,0,1,2,0,1,1,2
6:38,0,0,1,0,0,0,0
6:39,0,0,2,0,0,0,0
6:40,19,12,12,18,11,9,13
6:41,0,0,0,0,2,0,1
6:42,0,0,0,0,2,0,0
6:43,0,0,2,2,0,0,0
6:44,1,1,0,0,3,0,0
6:45,11,19,22,23,27,12,12
6:46,0,1,1,1,1,0,0
6:47,2,2,0,1,1,1,1
6:48,0,2,2,1,0,0,1
6:49,2,1,1,2,1,3,0
6:50,15,28,27,17,23,11,17
6:51,0,0,1,2,0,4,0
6:52,2,0,1,1,1,0,1
6:53,0,0,2,1,1,0,0
6:54,0,0,1,0,0,0,1
6:55,8,5,12,16,9,9,11
6:56,1,0,1,2,0,1,0
6:57,0,1,0,0,0,0,0
6:58,0,0,1,1,2,1,1
6:59,1,0,2,0,0,1,1
7:00,81,92,97,95,90,102,84
7:01,0,0,1,0,0,0,0
7:02,1,1,0,0,1,0,0
7:03,1,1,0,2,0,0,1
7:04,0,2,3,0,2,0,0
7:05,13,4,6,9,9,9,6
7:06,0,1,1,2,0,1,0
7:07,0,0,2,0,1,0,0
7:08,0,3,0,2,0,0,0
7:09,0,0,0,0,1,1,1
7:10,17,17,13,11,15,14,21
7:11,0,1,1,2,1,0,0
7:12,1,1,0,2,0,0,0
7:13,0,0,3,0,1,0,0
7:14,0,0,0,1,2,0,0
7:15,15,18,9,16,21,17,13
7:16,0,0,0,1,1,0,0
7:17,0,1,0,0,0,1,0
7:18,0,1,0,1,1,0,1
7:19,1,1,0,2,0,0,0
7:20,9,20,13,15,14,7,12
7:21,0,0,0,0,0,0,1
7:22,0,1,0,1,0,0,2
7:23,0,0,1,1,2,0,0
7:24,0,0,0,1,2,0,2
7:25,5,8,8,6,7,6,1
7:26,0,0,0,1,0,2,0
7:27,0,0,0,3,0,0,1
7:28,2,1,0,1,1,1,2
7:29,0,2,0,0,0,0,0
7:30,19,29,47,17,16,30,21
7:31,0,1,0,0,0,1,1
7:32,0,0,2,0,1,0,1
7:33,1,1,1,0,0,1,1
7:34,0,0,1,0,1,3,0
7:35,11,6,5,5,3,5,9
7:36,0,0,0,0,1,0,0
7:37,0,0,0,0,1,1,2
7:38,2,0,1,1,1,1,0
7:39,1,2,0,2,1,0,0
7:40,18,16,14,14,9,18,8
7:41,0,0,0,0,0,2,0
7:42,1,1,0,0,0,2,0
7:43,0,0,1,0,3,0,2
7:44,0,1,0,1,0,0,0
7:45,18,24,31,16,17,15,9
7:46,1,0,0,4,1,1,0
7:47,1,0,0,0,1,0,0
7:48,1,0,1,0,1,1,0
7:49,0,1,1,0,0,0,0
7:50,12,15,16,13,18,11,7
7:51,2,0,2,0,1,0,0
7:52,1,1,0,1,1,0,1
7:53,2,0,1,0,2,0,1
7:54,1,0,0,0,0,1,2
7:55,7,11,10,14,14,6,4
7:56,0,1,1,0,1,2,0
7:57,0,0,1,0,0,2,0
7:58,0,2,1,1,2,1,0
7:59,2,0,1,0,1,0,0
8:00,92,100,98,108,95,94,93
8:01,0,0,1,0,0,2,2
8:02,1,0,1,0,0,0,2
8:03,1,0,1,0,0,0,0
8:04,1,0,1,2,1,1,0
8:05,9,6,5,11,8,8,5
8:06,0,0,2,1,0,1,0
8:07,0,1,1,1,1,4,1
8:08,0,0,0,0,2,1,3
8:09,0,3,0,0,1,0,0
8:10,18,13,12,13,14,14,6
8:11,2,0,0,4,1,1,0
8:12,1,0,1,1,0,0,1
8:13,1,0,1,0,1,0,2
8:14,0,1,0,0,1,0,1
8:15,13,17,14,21,12,35,15
8:16,0,2,0,1,0,0,0
8:17,0,1,0,0,0,1,0
8:18,1,0,0,1,1,0,1
8:19,0,1,1,0,1,0,2
8:20,22,18,18,16,12,15,16
8:21,0,0,0,0,2,0,0
8:22,2,0,0,1,1,1,1
8:23,0,2,0,0,0,0,0
8:24,0,0,3,1,0,0,0
8:25,6,6,13,6,12,3,6
8:26,0,1,1,1,2,0,0
8:27,1,0,0,1,1,1,0
8:28,1,1,1,1,2,1,0
8:29,0,0,2,0,0,2,1
8:30,25,19,34,19,27,33,18
8:31,1,1,1,2,0,0,0
8:32,0,1,1,1,0,2,0
8:33,0,1,0,0,0,0,0
8:34,1,1,0,1,0,0,1
8:35,7,17,14,10,11,17,8
8:36,0,0,2,0,3,0,1
8:37,0,2,0,0,1,2,0
8:38,1,1,0,1,0,1,0
8:39,0,0,0,0,0,1,0
8:40,21,15,14,19,16,14,12
8:41,0,2,0,1,0,0,0
8:42,2,1,0,1,2,1,3
8:43,0,1,0,2,3,0,0
8:44,0,0,1,1,0,0,0
8:45,23,14,11,12,15,18,10
8:46,0,0,0,0,2,1,1
8:47,1,1,2,0,0,0,0
8:48,2,0,0,2,0,1,2
8:49,1,1,1,0,0,2,1
8:50,15,20,14,12,13,18,6
8:51,0,3,0,0,1,0,1
8:52,3,1,1,1,2,1,2
8:53,0,0,1,1,2,0,1
8:54,0,0,1,1,0,0,0
8:55,8,6,10,11,14,10,6
8:56,2,1,0,0,1,2,0
8:57,0,2,1,2,3,0,0
8:58,2,1,1,6,1,2,0
8:59,0,0,1,0,1,1,0
9:00,91,77,86,85,85,111,105
9:01,0,1,0,0,0,0,1
9:02,1,1,1,0,0,2,0
9:03,0,1,0,3,1,1,0
9:04,1,0,1,0,0,2,0
9:05,7,4,10,8,14,11,5
9:06,0,0,1,2,0,1,0
9:07,0,2,2,0,0,0,1
9:08,0,2,1,2,0,0,4
9:09,0,0,1,0,1,0,2
9:10,18,10,10,16,14,9,11
9:11,3,0,0,0,0,3,0
9:12,1,3,1,0,1,2,1
9:13,0,0,2,0,1,2,0
9:14,0,0,2,2,1,1,0
9:15,18,14,17,25,21,24,18
9:16,0,0,0,2,0,0,0
9:17,2,1,0,0,2,0,0
9:18,1,1,2,0,1,1,0
9:19,0,0,1,0,1,1,0
9:20,17,16,17,24,17,25,12
9:21,0,0,0,0,0,1,0
9:22,0,0,2,0,1,0,0
9:23,1,0,1,0,0,0,2
9:24,1,0,1,0,0,1,0
9:25,8,15,7,17,13,6,6
9:26,1,1,1,1,0,0,3
9:27,1,1,1,0,1,1,1
9:28,0,6,2,0,1,0,0
9:29,0,0,1,1,0,0,0
9:30,42,33,30,23,30,40,27
9:31,1,0,0,0,0,1,0
9:32,1,0,0,0,1,3,0
9:33,1,0,0,0,2,0,0
9:34,0,0,1,3,0,1,2
9:35,5,8,11,7,10,3,7
9:36,0,1,0,1,0,0,2
9:37,1,5,0,1,0,0,1
9:38,1,3,1,1,0,2,1
9:39,1,0,0,0,0,1,1
9:40,12,20,16,15,20,13,22
9:41,0,1,0,0,0,2,0
9:42,0,0,1,0,0,1,0
9:43,0,0,0,2,0,0,2
9:44,2,0,2,0,0,0,3
9:45,16,10,21,15,19,27,26
9:46,0,0,0,1,0,1,0
9:47,1,0,1,1,1,0,1
9:48,2,1,0,2,0,0,3
9:49,0,0,0,0,1,0,1
9:50,12,14,18,19,15,17,14
9:51,0,0,0,0,1,0,0
9:52,0,1,2,0,1,0,0
9:53,1,1,1,0,0,2,1
9:54,1,1,1,1,3,1,1
9:55,17,12,13,9,11,7,11
9:56,0,0,0,1,4,0,1
9:57,1,0,2,2,1,1,0
9:58,3,1,1,5,0,0,1
9:59,0,0,0,1,2,1,0
10:00,112,81,108,102,97,131,111
10:01,1,0,2,1,0,0,0
10:02,4,1,0,0,0,1,0
10:03,2,1,2,0,1,1,1
10:04,0,0,0,0,0,2,0
10:05,6,9,13,14,14,9,6
10:06,0,0,0,0,2,1,0
10:07,1,1,2,0,1,0,0
10:08,1,1,0,2,0,1,1
10:09,1,1,0,1,1,1,0
10:10,16,22,11,12,17,17,13
10:11,0,0,1,0,0,0,2
10:12,3,1,0,2,0,2,3
10:13,2,2,1,0,1,0,1
10:14,0,0,1,2,0,1,0
10:15,22,28,21,13,22,25,17
10:16,0,0,4,0,2,2,1
10:17,0,1,2,0,0,1,1
10:18,2,1,2,1,1,1,0
10:19,1,0,1,0,1,1,2
10:20,26,11,20,20,12,20,17
10:21,0,1,0,0,1,0,0
10:22,0,1,0,1,0,1,1
10:23,1,0,0,1,0,2,2
10:24,0,0,1,2,3,1,0
10:25,10,10,17,10,11,13,14
10:26,1,0,1,0,0,1,0
10:27,1,0,1,4,1,0,0
10:28,1,0,0,2,2,2,1
10:29,0,3,0,0,1,1,0
10:30,46,34,44,37,48,31,46
10:31,0,0,2,0,0,0,1
10:32,0,0,5,0,0,0,1
10:33,1,1,0,1,1,2,0
10:34,1,1,1,1,2,2,0
10:35,9,14,7,17,8,15,6
10:36,0,0,0,1,0,0,0
10:37,2,0,1,1,1,1,0
10:38,1,0,0,1,0,3,2
10:39,1,0,0,1,0,1,0
10:40,21,18,18,21,19,16,24
10:41,0,0,1,0,0,2,0
10:42,2,0,2,2,1,0,7
10:43,0,0,1,3,2,2,0
10:44,1,1,0,1,2,0,1
10:45,27,15,15,14,22,31,23
10:46,1,1,2,0,0,0,2
10:47,0,0,1,2,0,0,1
10:48,1,0,4,2,1,0,0
10:49,2,1,1,0,2,1,0
10:50,15,21,16,24,14,26,19
10:51,0,0,0,1,1,0,0
10:52,2,4,1,1,1,1,1
10:53,0,1,0,2,2,0,2
10:54,0,1,2,2,0,1,0
10:55,14,11,13,15,8,10,10
10:56,0,1,0,0,0,1,1
10:57,2,2,0,0,0,0,3
10:58,1,1,0,1,0,0,3
10:59,1,0,0,3,0,0,0
11:00,94,110,100,113,119,133,135
11:01,0,1,2,0,0,2,2
11:02,0,0,0,1,1,2,0
11:03,2,2,0,0,2,0,0
11:04,1,0,0,1,0,2,0
11:05,7,11,12,9,18,20,14
11:06,3,0,0,1,2,0,0
11:07,0,0,0,1,2,1,3
11:08,0,0,1,1,0,0,1
11:09,2,1,0,1,0,1,1
11:10,24,12,9,8,19,16,18
11:11,2,1,2,0,1,0,1
11:12,2,0,1,0,1,0,5
11:13,3,0,1,0,1,2,1
11:14,3,1,1,0,0,0,0
11:15,15,24,18,15,15,26,27
11:16,0,0,0,1,2,4,0
11:17,1,1,0,0,0,1,0
11:18,3,1,2,1,1,0,0
11:19,0,1,1,1,2,4,1
11:20,30,17,21,13,20,15,16
11:21,0,0,0,0,2,0,0
11:22,1,3,1,0,1,0,1
11:23,1,0,1,0,2,1,0
11:24,0,1,0,0,3,0,0
11:25,11,16,9,13,14,6,12
11:26,1,0,1,1,0,2,0
11:27,0,0,0,2,0,4,1
11:28,1,2,3,0,0,3,4
11:29,2,1,0,2,1,0,1
11:30,41,37,22,31,33,52,38
11:31,0,0,0,1,0,0,2
11:32,3,1,0,0,2,0,1
11:33,1,3,2,2,1,1,1
11:34,0,0,4,1,1,1,0
11:35,6,9,22,12,13,21,11
11:36,1,0,0,1,2,0,0
11:37,0,1,2,0,1,0,3
11:38,0,1,0,0,1,1,1
11:39,1,0,0,1,2,0,4
11:40,12,9,22,20,14,18,22
11:41,2,1,0,1,0,0,0
11:42,0,1,1,0,0,2,0
11:43,2,3,0,1,0,3,1
11:44,0,0,0,0,1,2,3
11:45,21,20,15,23,17,19,33
11:46,1,0,0,2,0,1,2
11:47,0,4,2,1,1,0,2
11:48,2,0,1,1,2,4,3
11:49,1,4,0,0,0,2,1
11:50,16,13,21,23,17,28,22
11:51,0,0,4,0,0,0,0
11:52,1,2,1,0,0,0,1
11:53,3,0,0,2,0,2,1
11:54,2,3,3,0,1,1,0
11:55,13,14,9,12,19,13,13
11:56,2,1,1,0,0,0,1
11:57,1,1,0,0,1,0,2
11:58,0,4,0,3,0,2,2
11:59,2,0,0,0,0,1,1
12:00,99,88,88,101,110,135,131
12:01,1,0,1,0,0,2,1
12:02,1,1,1,0,1,1,4
12:03,0,2,1,1,1,1,1
12:04,2,3,1,0,1,2,0
12:05,18,10,12,13,18,11,23
12:06,1,3,1,0,0,1,0
12:07,0,1,0,1,1,0,1
12:08,3,1,1,1,1,1,1
12:09,2,3,2,0,0,1,1
12:10,20,9,12,9,23,28,20
12:11,0,0,1,1,3,1,2
12:12,2,1,0,0,0,3,4
12:13,0,0,1,1,0,2,2
12:14,0,0,4,0,1,0,0
12:15,13,25,17,26,26,25,29
12:16,1,0,0,1,0,1,1
12:17,1,1,2,0,0,0,1
12:18,0,0,3,0,1,0,4
12:19,1,3,0,1,0,2,0
12:20,14,18,19,12,23,13,25
12:21,2,2,0,0,0,0,0
12:22,0,1,0,0,2,2,1
12:23,0,2,2,0,0,1,0
12:24,1,0,1,0,4,1,2
12:25,6,15,9,13,12,21,7
12:26,1,0,2,2,1,1,1
12:27,1,4,1,2,2,0,1
12:28,0,2,1,0,4,1,1
12:29,2,1,1,0,3,1,1
12:30,36,37,32,34,35,51,38
12:31,0,0,2,0,0,0,1
12:32,0,1,0,0,2,3,2
12:33,0,2,2,0,0,1,1
12:34,2,0,1,1,0,1,2
12:35,12,7,9,10,12,13,25
12:36,0,1,0,0,0,5,1
12:37,3,1,0,0,0,7,0
12:38,1,1,3,0,0,1,1
12:39,2,4,3,1,1,2,3
12:40,17,17,15,10,21,25,16
12:41,0,0,1,0,0,0,0
12:42,2,0,0,3,1,1,0
12:43,2,0,2,1,0,3,0
12:44,1,0,1,3,0,0,0
12:45,13,17,28,20,24,27,17
12:46,0,1,1,1,0,3,0
12:47,0,0,0,1,0,1,0
12:48,0,2,1,0,2,2,2
12:49,0,0,2,0,0,1,1
12:50,22,15,12,15,20,22,24
12:52,1,0,0,1,2,2,3
12:53,2,0,2,0,1,0,1
12:54,2,0,0,0,3,1,2
12:55,15,19,8,12,11,16,11
12:56,0,0,1,1,1,3,0
12:57,2,0,2,6,0,2,1
12:58,0,1,2,0,3,1,0
12:59,1,0,0,1,1,2,1
13:00,95,98,112,112,111,154,148
13:01,0,0,1,0,0,1,0
13:02,3,2,2,4,3,1,3
13:03,0,0,1,2,2,4,0
13:04,2,3,1,0,1,1,1
13:05,3,6,17,13,13,14,10
13:06,0,1,0,1,0,2,0
13:07,0,2,3,1,2,2,3
13:08,0,0,1,0,0,2,0
13:09,1,0,0,1,2,5,1
13:10,20,12,15,23,13,24,19
13:11,1,1,0,3,0,0,1
13:12,0,1,3,1,1,0,2
13:13,0,0,0,0,2,2,0
13:14,1,0,3,0,1,0,2
13:15,26,19,24,16,29,26,29
13:16,0,0,0,1,0,0,0
13:17,1,2,2,1,0,0,1
13:18,1,1,1,3,0,2,1
13:19,0,2,0,2,0,1,0
13:20,21,25,21,22,21,26,19
13:21,0,1,0,0,0,0,1
13:22,0,1,0,0,1,5,1
13:23,3,1,1,3,3,2,0
13:24,1,1,1,0,0,0,0
13:25,19,16,8,9,17,7,11
13:26,1,4,0,1,0,1,1
13:27,0,3,1,0,0,0,0
13:28,1,2,2,2,1,7,3
13:29,2,0,2,0,3,6,1
13:30,46,43,40,47,41,50,55
13:31,1,1,0,3,1,1,0
13:32,1,2,1,1,2,0,3
13:33,0,1,0,2,0,0,1
13:34,3,2,0,1,1,0,1
13:35,11,10,20,14,16,9,7
13:36,1,0,0,0,1,0,1
13:37,0,3,1,1,3,1,4
13:38,0,1,1,0,0,1,4
13:39,0,11,1,1,0,0,0
13:40,23,22,17,14,18,26,17
13:41,1,0,1,1,2,0,1
13:42,0,0,1,1,1,1,0
13:43,2,0,0,1,0,1,2
13:44,0,1,0,0,0,4,0
13:45,14,26,19,15,25,28,19
13:46,0,1,2,0,0,0,0
13:47,1,0,0,1,2,2,1
13:48,1,0,2,0,1,2,2
13:49,0,0,0,4,1,3,2
13:50,18,30,25,16,20,29,22
13:51,0,0,0,1,0,1,3
13:52,1,0,1,0,2,1,1
13:53,1,0,1,2,0,0,2
13:54,1,2,0,1,1,1,1
13:55,9,10,9,16,14,14,18
13:56,1,0,1,1,1,0,3
13:57,1,1,0,1,0,3,1
13:58,1,0,1,0,0,1,1
13:59,0,1,0,0,0,1,3
14:00,132,109,127,130,150,158,169
14:01,1,1,0,2,0,0,0
14:02,0,0,0,1,0,0,2
14:03,5,0,1,1,1,1,0
14:04,1,0,0,0,0,2,1
14:05,6,6,10,16,10,13,6
14:06,0,0,1,0,0,1,3
14:07,0,1,1,0,1,0,6
14:08,5,0,1,6,2,0,2
14:09,3,0,2,0,1,0,2
14:10,24,17,13,12,15,27,25
14:11,0,1,0,1,1,3,0
14:12,1,0,0,0,3,1,0
14:13,2,1,0,1,0,0,1
14:14,0,0,1,0,2,0,1
14:15,19,26,18,35,30,39,34
14:16,0,2,0,1,0,2,0
14:17,0,2,1,1,1,1,0
14:18,2,0,0,2,2,2,0
14:19,1,0,2,0,3,2,0
14:20,20,27,12,26,24,15,20
14:21,2,0,0,0,0,2,1
14:22,0,1,0,1,2,0,2
14:23,0,1,1,1,2,1,0
14:24,0,2,2,0,3,0,1
14:25,9,10,14,7,14,19,16
14:26,0,1,0,0,2,2,0
14:27,1,0,0,1,1,0,3
14:28,3,0,5,6,2,1,3
14:29,1,0,1,2,2,5,0
14:30,34,47,42,45,57,51,55
14:31,0,0,0,0,0,3,1
14:32,2,0,1,4,1,2,3
14:33,3,2,0,5,1,3,1
14:34,1,0,0,0,1,2,1
14:35,8,8,14,11,16,13,17
14:36,2,5,1,1,1,0,2
14:37,2,0,2,1,1,0,0
14:38,2,2,6,1,4,1,4
14:39,1,1,1,2,0,0,0
14:40,16,27,21,16,30,21,24
14:41,0,1,1,0,2,0,0
14:42,1,0,0,2,1,1,0
14:43,0,2,0,1,4,1,2
14:44,2,2,2,0,2,0,1
14:45,26,34,31,18,30,36,32
14:46,1,2,3,0,2,2,1
14:47,0,0,2,1,1,1,0
14:48,0,3,1,2,1,1,5
14:49,0,3,1,0,1,2,0
14:50,25,25,22,29,25,28,26
14:51,1,0,0,0,1,0,0
14:52,1,1,4,2,0,2,1
14:53,1,2,4,1,1,1,1
14:54,2,0,1,0,4,2,1
14:55,13,8,15,11,21,12,14
14:56,1,1,2,0,1,1,1
14:57,2,1,3,2,0,0,2
14:58,1,2,10,3,1,2,2
14:59,0,2,1,1,1,3,0
15:00,144,161,162,148,201,166,210
15:01,0,0,0,1,1,0,2
15:02,0,7,0,0,2,2,0
15:03,0,3,1,5,1,1,3
15:04,4,0,1,2,1,0,1
15:05,12,16,11,19,15,10,14
15:06,1,0,0,0,1,0,2
15:07,2,0,1,0,1,1,0
15:08,2,1,0,9,0,1,0
15:09,0,3,1,1,2,5,2
15:10,31,25,22,24,40,31,30
15:11,1,0,1,5,1,0,3
15:12,2,2,1,4,0,0,1
15:13,2,0,1,4,0,1,1
15:14,1,0,2,2,2,2,0
15:15,28,23,33,25,34,32,28
15:16,2,0,2,0,0,1,1
15:17,0,3,0,1,3,2,2
15:18,2,2,3,1,0,4,4
15:19,0,0,2,0,1,0,1
15:20,31,28,26,28,28,25,25
15:21,0,2,1,0,0,1,0
15:22,1,0,1,3,2,1,0
15:23,1,0,1,3,0,3,3
15:24,0,4,1,1,2,1,0
15:25,22,15,15,21,20,12,14
15:26,0,1,1,0,1,0,2
15:27,0,1,3,3,0,0,0
15:28,2,2,2,4,1,0,2
15:29,6,1,2,0,1,0,1
15:30,48,40,51,43,69,69,51
15:31,2,1,1,1,2,0,0
15:32,1,0,2,2,1,1,3
15:33,1,1,1,3,2,0,2
15:34,1,1,2,1,0,1,0
15:35,11,21,12,15,21,17,19
15:36,2,1,2,3,1,0,1
15:37,2,4,2,4,2,1,0
15:38,1,0,3,1,3,1,0
15:39,0,0,3,0,2,0,0
15:40,30,31,26,20,31,28,24
15:41,0,2,0,0,2,0,0
15:42,2,1,0,1,4,2,1
15:43,1,2,3,1,3,1,1
15:44,1,3,1,0,0,0,1
15:45,42,35,27,26,49,34,18
15:46,0,0,0,0,2,2,2
15:47,2,1,2,1,5,4,1
15:48,0,1,2,3,2,1,4
15:49,3,2,0,0,0,2,2
15:50,28,33,31,22,36,28,34
15:51,0,1,2,1,0,1,2
15:52,0,1,0,2,0,0,3
15:53,2,2,4,2,2,1,2
15:54,0,1,1,1,1,1,1
15:55,17,13,22,14,25,18,19
15:56,4,1,4,1,1,0,1
15:57,2,2,0,1,2,2,0
15:58,1,2,1,1,5,4,2
15:59,0,0,0,2,0,3,1
16:00,130,164,132,167,177,148,181
16:01,0,0,0,1,1,0,0
16:02,1,2,2,1,0,2,1
16:03,1,0,2,1,0,2,0
16:04,2,0,2,2,2,2,1
16:05,20,20,16,17,11,7,18
16:06,1,2,0,1,2,1,3
16:07,0,3,2,0,3,6,0
16:08,0,1,4,5,1,0,0
16:09,0,1,1,2,1,5,1
16:10,21,26,22,31,25,25,26
16:11,2,1,1,1,2,1,1
16:12,2,1,1,3,2,0,5
16:13,2,1,2,1,1,2,3
16:14,3,2,2,1,1,0,3
16:15,24,24,28,32,27,24,31
16:16,0,1,7,3,1,0,2
16:17,2,0,1,0,0,2,1
16:18,5,3,0,1,1,2,2
16:19,0,2,4,0,0,1,1
16:20,20,30,22,31,32,20,19
16:21,1,2,0,0,1,2,1
16:22,2,2,2,0,1,2,1
16:23,1,2,0,3,0,0,0
16:24,1,2,0,1,1,1,1
16:25,15,12,15,15,13,21,16
16:26,0,0,2,0,0,0,0
16:27,0,2,1,0,2,1,1
16:28,0,4,1,2,1,3,0
16:29,0,0,3,0,2,1,2
16:30,43,53,56,46,50,55,56
16:31,0,1,0,0,0,0,0
16:32,2,0,0,0,1,0,0
16:33,1,0,1,2,0,1,0
16:34,3,1,3,1,1,0,0
16:35,11,14,14,15,14,15,14
16:36,0,0,0,1,2,1,1
16:37,0,2,2,3,2,3,1
16:38,2,2,2,1,2,2,3
16:39,0,2,3,1,0,0,0
16:40,32,29,25,38,34,19,28
16:41,0,2,0,2,1,2,3
16:42,3,3,1,0,3,0,0
16:43,0,4,5,1,0,4,3
16:44,0,0,0,6,2,0,1
16:45,22,24,33,26,37,30,33
16:46,1,2,0,2,1,1,0
16:47,1,3,0,0,0,7,0
16:48,3,0,2,2,1,3,2
16:49,1,0,0,0,2,2,1
16:50,21,19,30,35,24,32,27
16:51,0,2,0,0,3,0,2
16:52,1,2,2,1,0,2,0
16:53,0,0,2,0,4,5,3
16:54,1,1,2,1,0,1,1
16:55,17,15,13,9,19,13,15
16:56,0,1,1,0,0,0,1
16:57,2,2,1,4,0,1,1
16:58,2,1,4,2,0,3,0
16:59,0,0,0,1,2,0,2
17:00,131,135,135,133,164,155,156
17:01,1,0,0,1,0,0,3
17:02,0,2,1,2,1,3,0
17:03,0,0,2,2,1,1,0
17:04,2,0,1,1,3,0,1
17:05,11,12,12,24,15,16,10
17:06,1,1,3,2,5,2,0
17:07,1,1,1,2,0,0,3
17:08,6,2,2,0,2,2,1
17:09,2,3,1,0,0,0,3
17:10,23,22,15,19,29,32,22
17:11,0,1,0,3,1,3,0
17:12,0,2,0,1,3,0,0
17:13,0,4,1,2,3,0,2
17:14,1,0,3,0,0,1,1
17:15,34,26,28,26,26,35,29
17:16,0,0,0,1,1,1,0
17:17,2,0,0,5,4,0,0
17:18,0,1,1,1,0,1,0
17:19,0,4,0,0,1,0,1
17:20,23,20,26,21,32,37,22
17:21,0,0,0,2,2,0,1
17:22,0,1,2,2,1,1,0
17:23,2,2,3,1,1,1,1
17:24,1,2,1,2,3,1,1
17:25,13,16,15,17,10,18,14
17:26,1,2,1,0,0,1,1
17:27,2,1,0,1,2,0,0
17:28,0,1,5,3,0,0,3
17:29,2,1,0,1,3,2,2
17:30,49,48,40,42,59,56,60
17:31,1,0,0,0,0,1,0
17:32,2,1,1,1,1,3,0
17:33,1,1,3,1,1,0,0
17:34,2,1,1,0,2,2,4
17:35,15,9,15,18,18,14,15
17:36,1,1,1,1,2,1,0
17:37,0,3,1,4,1,0,0
17:38,0,2,2,5,1,1,1
17:39,2,1,0,1,0,1,1
17:40,21,20,18,30,32,26,27
17:41,0,0,3,1,2,0,0
17:42,1,0,2,0,2,3,2
17:43,3,1,2,0,1,0,0
17:44,0,0,2,2,2,5,1
17:45,22,23,41,29,37,38,40
17:46,1,0,0,4,2,4,2
17:47,4,2,2,0,1,0,1
17:48,0,2,0,5,0,1,2
17:49,0,2,2,2,2,1,1
17:50,24,22,22,28,26,23,27
17:51,0,0,1,0,2,1,1
17:52,1,0,2,0,1,0,1
17:53,0,1,0,1,0,3,0
17:54,0,3,1,1,2,2,0
17:55,14,12,13,23,21,16,19
17:56,0,0,0,1,1,2,0
17:57,0,1,2,0,1,2,3
17:58,1,2,0,0,0,3,5
17:59,0,1,0,0,2,0,1
18:00,102,125,137,143,201,177,146
18:01,0,0,0,1,1,0,0
18:02,0,1,1,2,2,0,2
18:03,1,0,0,1,1,4,0
18:04,0,3,0,0,0,1,0
18:05,7,10,14,14,12,20,11
18:06,0,2,3,0,2,2,0
18:07,0,1,0,1,0,0,1
18:08,0,0,1,0,3,0,0
18:09,0,2,0,2,0,0,1
18:10,13,14,23,19,22,22,26
18:11,2,0,0,0,0,1,0
18:12,3,3,1,2,1,1,2
18:13,4,1,0,1,4,0,0
18:14,0,2,3,0,2,1,1
18:15,25,39,19,36,37,30,35
18:16,1,1,2,1,0,1,0
18:17,2,0,1,3,2,1,1
18:18,1,1,6,0,1,0,3
18:19,0,1,0,1,2,0,2
18:20,22,17,23,18,41,25,26
18:21,1,1,0,0,0,1,0
18:22,0,1,1,0,0,0,1
18:23,1,1,0,0,1,1,1
18:24,0,1,1,0,0,3,1
18:25,10,12,17,10,24,18,8
18:26,1,1,2,0,5,1,3
18:27,2,0,1,1,1,0,1
18:28,3,0,3,0,0,2,1
18:29,0,2,2,2,0,0,0
18:30,43,49,31,39,55,55,45
18:31,0,0,0,1,0,0,1
18:32,1,1,1,2,1,5,1
18:33,1,1,0,1,3,1,1
18:34,2,1,3,0,1,1,2
18:35,9,15,23,16,19,21,21
18:36,1,2,1,0,1,1,1
18:37,0,1,3,1,0,0,2
18:38,0,1,0,1,2,1,0
18:39,2,1,0,1,1,1,3
18:40,17,21,14,34,30,18,17
18:41,0,0,0,0,1,1,1
18:42,0,2,0,0,1,2,0
18:43,1,2,0,4,1,1,1
18:44,0,1,2,1,4,6,3
18:45,17,20,32,28,37,21,34
18:46,0,1,0,4,0,1,0
18:47,1,1,3,0,1,1,1
18:48,2,2,0,3,2,0,2
18:49,2,1,3,2,1,1,1
18:50,19,11,24,24,22,18,30
18:51,0,0,0,1,0,0,2
18:52,0,2,0,2,0,1,0
18:53,1,0,0,2,2,0,0
18:54,0,0,0,0,0,1,1
18:55,9,17,14,23,23,12,13
18:56,0,2,1,1,0,3,2
18:57,1,1,1,4,3,0,0
18:58,1,0,1,4,1,1,2
18:59,1,1,0,0,0,1,1
19:00,101,97,113,118,159,149,122
19:01,1,0,1,0,0,2,4
19:02,0,0,1,0,1,0,1
19:03,2,0,2,0,1,0,2
19:04,0,1,0,2,1,3,0
19:05,15,8,10,10,17,21,5
19:06,0,3,1,0,1,2,0
19:07,0,1,2,2,0,1,0
19:08,1,1,2,0,3,0,3
19:09,0,2,0,0,2,3,1
19:10,15,16,22,16,23,25,12
19:11,3,1,0,1,1,1,1
19:12,0,0,0,3,3,0,8
19:13,0,1,1,1,1,2,0
19:14,3,2,0,2,3,5,0
19:15,13,23,26,17,24,29,23
19:16,0,2,0,2,0,1,1
19:17,0,1,0,2,0,0,4
19:18,0,0,2,2,3,2,0
19:19,1,0,0,3,1,4,0
19:20,15,20,15,16,30,24,21
19:21,0,1,1,1,0,2,1
19:22,0,1,4,2,1,2,0
19:23,1,2,0,1,1,3,1
19:24,0,2,0,1,1,0,3
19:25,8,12,11,16,13,19,12
19:26,0,1,2,0,2,1,1
19:27,0,0,0,0,0,2,1
19:28,4,0,0,0,4,2,1
19:29,1,0,1,2,2,1,0
19:30,21,24,38,40,52,62,53
19:31,1,0,1,1,1,2,2
19:32,0,2,0,0,1,1,0
19:33,1,1,1,1,0,1,0
19:34,0,0,2,0,1,0,3
19:35,12,13,10,13,14,13,8
19:36,2,0,2,1,4,1,0
19:37,0,0,2,0,3,0,0
19:38,0,2,2,0,5,3,1
19:39,0,2,1,0,0,2,3
19:40,14,17,13,14,25,18,12
19:41,0,0,1,2,2,2,0
19:42,0,1,2,0,4,0,0
19:43,0,1,0,2,3,0,1
19:44,0,0,0,2,0,0,1
19:45,11,21,18,22,29,28,16
19:46,1,0,0,3,3,0,0
19:47,2,2,0,1,2,1,1
19:48,1,0,1,0,5,5,4
19:49,1,0,0,0,1,2,2
19:50,16,16,16,14,29,25,14
19:51,0,1,0,1,1,0,5
19:52,0,0,0,0,1,0,0
19:53,0,0,1,0,1,0,2
19:54,3,0,0,0,1,0,1
19:55,7,11,8,10,10,11,7
19:56,1,0,1,2,1,2,2
19:57,1,0,1,3,1,1,0
19:58,0,1,0,1,1,5,2
19:59,1,2,1,1,3,1,1
20:00,62,71,96,82,144,125,107
20:01,0,0,1,0,0,1,0
20:02,0,1,1,0,5,2,1
20:03,0,0,0,0,2,2,0
20:04,0,0,0,1,3,2,3
20:05,9,6,10,8,23,18,12
20:06,0,0,1,0,1,3,2
20:07,0,2,0,3,0,0,0
20:08,1,1,0,2,3,1,1
20:09,2,0,1,1,3,0,1
20:10,13,15,14,18,22,21,12
20:11,1,0,0,0,1,0,2
20:12,1,2,1,3,0,2,0
20:13,2,0,0,2,2,3,1
20:14,2,0,1,1,8,1,1
20:15,15,26,18,20,32,33,20
20:16,0,3,2,1,1,0,1
20:17,0,1,1,0,1,3,0
20:18,1,0,0,0,2,1,1
20:19,0,1,0,1,0,2,2
20:20,14,11,18,15,25,29,20
20:21,0,1,0,1,2,0,0
20:22,0,1,0,1,0,1,1
20:23,0,0,1,0,2,0,0
20:24,1,0,4,1,1,2,0
20:25,7,6,5,12,17,9,10
20:26,1,1,0,2,1,0,0
20:27,0,1,1,0,1,0,1
20:28,1,0,1,0,0,0,3
20:29,2,3,2,0,0,0,1
20:30,34,20,46,46,64,35,30
20:31,0,2,1,0,0,0,0
20:32,0,0,0,3,3,0,3
20:33,1,1,0,2,1,0,0
20:34,3,0,0,1,0,0,0
20:35,8,6,3,16,11,8,9
20:36,1,1,1,0,2,2,1
20:37,1,0,1,1,2,2,1
20:38,1,0,1,1,1,0,0
20:39,0,0,0,1,0,0,0
20:40,13,12,13,26,24,15,10
20:41,0,1,0,1,1,1,0
20:42,2,1,0,0,1,1,2
20:43,1,0,0,3,1,1,2
20:44,0,1,1,1,3,1,2
20:45,15,20,15,33,23,30,15
20:46,0,2,0,0,3,0,1
20:47,0,0,0,1,0,3,0
20:48,0,0,1,2,1,2,0
20:49,1,1,0,1,0,0,1
20:50,13,14,12,16,21,20,23
20:51,0,0,0,0,1,0,1
20:52,1,1,0,0,1,2,0
20:53,0,1,0,6,2,0,0
20:54,2,2,3,0,0,0,2
20:55,5,11,8,11,8,10,16
20:56,0,1,1,0,1,0,3
20:57,0,0,0,3,0,2,3
20:58,1,2,2,0,1,2,2
20:59,0,0,2,1,1,2,0
21:00,58,63,84,86,140,128,90
21:01,0,0,0,3,0,2,0
21:02,1,1,1,1,0,3,1
21:03,1,0,1,1,1,1,0
21:04,0,1,0,0,1,1,0
21:05,6,13,11,8,22,8,11
21:06,2,2,1,3,0,2,1
21:07,1,1,0,2,3,1,1
21:08,0,3,1,0,0,0,2
21:09,0,1,2,0,0,0,0
21:10,11,7,18,21,27,20,11
21:11,0,0,0,1,0,0,1
21:12,2,0,0,1,4,2,1
21:13,3,0,1,3,1,0,2
21:14,1,0,0,2,0,1,0
21:15,13,13,20,28,28,19,20
21:16,0,1,0,1,2,2,0
21:17,0,0,2,3,2,2,1
21:18,0,0,4,3,1,1,1
21:19,0,0,1,1,2,1,0
21:20,4,15,10,16,28,16,21
21:21,0,1,0,1,4,1,2
21:22,0,0,0,1,1,0,3
21:23,2,2,0,1,1,0,1
21:24,0,0,1,1,0,0,0
21:25,4,11,10,10,12,14,3
21:26,0,0,1,1,0,0,0
21:27,2,0,0,0,3,1,0
21:28,0,2,0,0,5,0,1
21:29,1,0,1,0,1,2,0
21:30,29,27,28,46,63,41,39
21:31,0,0,1,0,0,0,2
21:32,0,0,0,1,0,1,0
21:33,1,2,1,2,0,0,0
21:34,0,1,2,1,2,3,0
21:35,3,6,7,11,4,10,4
21:36,0,0,0,1,1,0,0
21:37,1,1,1,0,1,0,1
21:38,1,2,2,2,1,2,0
21:39,1,0,1,1,0,0,0
21:40,14,9,18,18,29,14,8
21:41,1,0,2,1,1,0,0
21:42,1,2,0,1,0,1,1
21:43,0,0,1,2,1,0,3
21:44,0,1,8,0,2,2,3
21:45,22,11,12,25,23,34,16
21:46,0,2,0,2,3,0,0
21:47,1,2,1,2,0,1,0
21:48,1,0,0,0,2,1,0
21:49,1,0,0,0,1,0,4
21:50,6,10,7,14,19,21,9
21:51,1,2,2,2,0,1,0
21:52,0,0,0,0,0,2,1
21:53,0,1,2,1,1,2,1
21:54,0,0,0,2,4,1,1
21:55,3,5,9,11,15,13,7
21:56,0,2,0,1,4,2,1
21:57,0,0,1,0,1,1,1
21:58,1,2,2,2,2,0,1
21:59,0,0,2,0,1,0,0
22:00,67,64,81,82,154,142,83
22:01,0,1,1,2,1,1,0
22:02,0,2,0,2,2,1,2
22:03,1,0,1,0,1,1,1
22:04,1,0,0,0,1,2,2
22:05,16,7,6,12,12,8,9
22:06,0,0,0,2,1,1,0
22:07,0,0,0,2,1,1,0
22:08,0,1,0,1,0,1,1
22:09,1,0,0,0,3,1,0
22:10,7,11,10,17,26,15,10
22:11,0,0,2,0,0,2,0
22:12,0,1,1,4,1,6,0
22:13,1,1,0,2,2,2,1
22:14,1,2,1,1,0,0,2
22:15,16,14,18,16,24,21,19
22:16,3,1,0,1,1,3,3
22:17,0,0,1,1,3,0,2
22:18,0,0,0,3,1,1,0
22:19,0,0,1,3,0,0,1
22:20,22,16,12,21,18,21,15
22:21,0,0,0,1,2,2,0
22:22,2,0,2,3,0,3,0
22:23,0,1,2,0,1,1,0
22:24,0,0,0,0,2,0,1
22:25,6,9,10,7,12,10,9
22:26,0,1,0,0,2,2,0
22:27,0,0,1,0,4,4,1
22:28,1,1,2,1,2,0,0
22:29,0,0,0,2,0,0,1
22:30,23,16,30,49,57,60,36
22:31,1,0,1,2,1,1,0
22:32,1,0,0,0,1,1,0
22:33,0,0,0,0,0,1,0
22:34,0,0,0,0,0,0,1
22:35,6,9,9,4,19,13,9
22:36,0,0,0,1,0,0,2
22:37,1,0,0,1,1,2,0
22:38,1,0,1,4,3,0,0
22:39,1,0,2,0,1,0,2
22:40,13,8,17,9,23,25,10
22:41,0,0,1,0,0,0,0
22:42,0,0,3,1,0,2,0
22:43,0,0,1,0,3,1,0
22:44,0,0,2,0,3,1,1
22:45,13,9,13,21,28,26,12
22:46,0,1,1,0,1,0,0
22:47,0,0,0,0,0,1,1
22:48,0,0,0,2,1,1,1
22:49,0,1,1,3,1,2,0
22:50,9,17,23,15,16,26,9
22:51,1,0,0,0,2,0,0
22:52,0,0,2,0,0,1,0
22:53,0,0,0,0,2,1,0
22:54,0,0,0,1,1,4,1
22:55,8,0,3,9,9,6,2
22:56,0,0,1,0,1,0,0
22:57,0,0,0,0,0,0,1
22:58,1,0,1,2,1,2,0
22:59,0,1,0,0,0,0,0
23:00,46,54,67,82,173,159,63
23:01,0,0,0,0,0,1,0
23:02,0,0,0,0,1,0,0
23:03,0,0,0,1,1,2,1
23:04,0,0,4,1,3,3,2
23:05,0,2,14,12,13,12,9
23:06,2,0,0,1,0,0,0
23:07,1,0,0,0,0,2,1
23:08,0,0,1,0,0,1,0
23:09,0,4,0,0,1,4,0
23:10,4,10,6,24,23,13,8
23:11,0,0,0,0,3,4,3
23:12,1,0,2,0,3,0,0
23:13,1,0,4,1,2,1,0
23:14,1,0,0,4,0,1,0
23:15,17,16,13,23,25,27,11
23:16,1,1,0,0,0,1,1
23:17,1,0,0,1,0,1,2
23:18,0,1,0,1,0,0,1
23:19,0,0,0,1,0,0,0
23:20,9,9,24,18,22,19,5
23:21,0,1,0,0,0,0,0
23:22,0,0,2,4,3,1,0
23:23,0,3,1,1,0,3,1
23:24,0,0,0,0,2,0,1
23:25,7,10,12,13,14,15,5
23:26,0,0,0,1,0,0,0
23:27,0,0,0,3,1,1,2
23:28,1,0,4,2,1,2,0
23:29,0,0,1,0,2,0,1
23:30,20,17,27,33,71,46,25
23:31,0,0,1,0,0,1,0
23:32,0,1,1,1,0,0,0
23:33,0,0,0,0,1,2,1
23:34,0,1,0,1,4,0,0
23:35,8,5,6,4,11,6,4
23:36,0,0,2,3,0,0,0
23:37,1,0,1,2,2,2,0
23:38,0,0,1,1,1,2,0
23:39,0,0,0,1,3,2,1
23:40,6,6,13,14,21,31,9
23:41,0,1,0,1,2,1,1
23:42,0,0,0,0,3,2,1
23:44,2,1,0,0,1,1,0
23:45,7,8,14,22,47,29,19
23:46,0,0,1,0,0,2,3
23:47,0,2,0,1,3,0,0
23:48,1,1,4,0,3,2,2
23:49,1,0,1,1,3,1,1
23:50,9,8,14,14,25,35,9
23:51,0,0,0,0,1,0,0
23:52,0,0,3,1,1,0,0
23:54,0,0,1,1,0,1,2
23:55,4,5,10,21,30,16,3
23:56,2,0,1,0,1,0,1
23:57,0,1,1,0,0,2,2
23:58,0,0,3,4,3,6,3
23:59,1,1,2,5,4,6,1
