Time,Speed Limit,Fatalities
0:00,40,2
0:00,50,30
0:00,60,125
0:00,70,15
0:00,80,50
0:00,90,5
0:00,100,165
0:00,110,25
0:01,-9,11
0:01,40,1
0:01,50,5
0:01,60,19
0:01,70,3
0:01,80,12
0:01,90,6
0:01,100,42
0:01,110,22
0:02,60,6
0:02,70,1
0:02,80,4
0:02,100,2
0:03,60,2
0:03,70,2
0:03,100,1
0:03,110,1
0:04,50,3
0:04,60,2
0:04,100,1
0:05,-9,6
0:05,50,8
0:05,60,44
0:05,70,9
0:05,75,1
0:05,80,17
0:05,90,4
0:05,100,33
0:05,110,12
0:06,50,1
0:06,60,2
0:06,90,1
0:07,60,1
0:07,80,1
0:07,100,2
0:07,110,1
0:07,130,1
0:08,50,1
0:08,60,1
0:08,70,1
0:08,80,1
0:08,100,1
0:09,50,1
0:09,60,2
0:09,80,1
0:09,110,1
0:10,-9,5
0:10,50,10
0:10,60,33
0:10,70,6
0:10,80,11
0:10,90,3
0:10,100,36
0:10,110,9
0:11,60,1
0:12,60,2
0:12,100,1
0:12,110,3
0:13,60,3
0:13,70,1
0:13,100,3
0:14,60,2
0:14,70,4
0:14,100,1
0:14,110,2
0:15,-9,9
0:15,40,1
0:15,50,8
0:15,60,29
0:15,70,11
0:15,75,1
0:15,80,9
0:15,90,2
0:15,100,30
0:15,110,19
0:16,60,1
0:16,70,1
0:16,80,1
0:16,100,2
0:16,110,1
0:17,60,2
0:17,70,1
0:17,100,1
0:17,110,2
0:18,60,1
0:18,100,1
0:18,110,1
0:20,-9,5
0:20,50,12
0:20,60,38
0:20,70,4
0:20,75,1
0:20,80,11
0:20,90,2
0:20,100,23
0:20,110,16
0:21,50,2
0:21,60,1
0:21,70,1
0:21,80,4
0:22,50,1
0:22,80,1
0:22,100,1
0:23,70,3
0:23,100,2
0:23,110,1
0:24,60,1
0:24,80,2
0:24,100,2
0:24,110,1
0:25,-9,1
0:25,50,5
0:25,60,19
0:25,70,3
0:25,80,9
0:25,100,14
0:25,110,10
0:26,40,1
0:26,50,1
0:26,60,1
0:26,70,1
0:26,80,2
0:26,100,1
0:27,50,2
0:27,60,4
0:28,60,2
0:28,70,1
0:28,80,1
0:28,100,4
0:29,-9,2
0:29,60,3
0:29,80,1
0:29,100,1
0:30,-9,15
0:30,10,1
0:30,40,1
0:30,50,20
0:30,60,56
0:30,70,5
0:30,80,25
0:30,90,11
0:30,100,79
0:30,110,37
0:31,60,2
0:31,75,2
0:31,80,1
0:32,40,1
0:32,60,1
0:32,70,1
0:32,130,1
0:33,40,1
0:33,50,1
0:33,60,2
0:33,100,1
0:34,60,2
0:34,80,2
0:34,100,2
0:35,40,3
0:35,50,1
0:35,60,22
0:35,70,2
0:35,80,4
0:35,90,3
0:35,100,15
0:35,110,8
0:36,60,1
0:36,110,2
0:37,60,4
0:38,80,1
0:39,70,1
0:39,100,2
0:40,-9,3
0:40,50,6
0:40,60,32
0:40,70,2
0:40,75,1
0:40,80,9
0:40,90,3
0:40,100,14
0:40,110,11
0:41,60,2
0:41,80,2
0:42,80,1
0:42,100,2
0:43,60,3
0:43,100,2
0:44,100,1
0:45,-9,4
0:45,50,5
0:45,60,22
0:45,70,7
0:45,80,12
0:45,90,8
0:45,100,29
0:45,110,5
0:46,50,1
0:46,60,1
0:46,90,1
0:47,50,2
0:47,60,1
0:47,80,1
0:48,50,1
0:48,100,3
0:49,50,1
0:50,-9,4
0:50,40,1
0:50,50,5
0:50,60,28
0:50,70,2
0:50,75,2
0:50,80,9
0:50,90,2
0:50,100,14
0:50,110,8
0:51,60,2
0:51,80,1
0:52,60,2
0:52,70,1
0:52,80,2
0:52,110,1
0:53,50,2
0:53,60,3
0:53,100,1
0:54,60,1
0:54,100,1
0:54,110,1
0:55,-9,4
0:55,50,3
0:55,60,18
0:55,70,5
0:55,80,8
0:55,90,2
0:55,100,12
0:55,110,1
0:56,60,1
0:56,100,1
0:56,110,1
0:57,40,1
0:57,50,2
0:57,60,1
0:57,110,2
0:58,50,1
0:58,60,3
0:58,80,1
0:58,100,1
0:59,50,1
0:59,60,1
0:59,100,3
1:00,-9,17
1:00,10,2
1:00,40,3
1:00,50,46
1:00,60,141
1:00,70,25
1:00,80,83
1:00,90,4
1:00,100,202
1:00,110,45
1:01,60,2
1:01,100,1
1:01,110,1
1:02,40,1
1:02,50,1
1:02,60,1
1:02,100,2
1:03,50,4
1:03,110,2
1:04,60,2
1:04,100,2
1:05,-9,3
1:05,50,3
1:05,60,23
1:05,70,4
1:05,80,6
1:05,90,1
1:05,100,6
1:05,110,10
1:06,60,1
1:06,80,1
1:06,100,1
1:07,60,1
1:07,100,1
1:07,110,1
1:08,-9,1
1:08,60,4
1:08,70,1
1:08,80,2
1:08,100,8
1:08,110,1
1:08,130,1
1:09,50,1
1:09,60,2
1:09,80,1
1:10,-9,1
1:10,50,5
1:10,60,26
1:10,70,2
1:10,75,4
1:10,80,7
1:10,90,1
1:10,100,24
1:10,110,9
1:11,50,4
1:11,60,2
1:11,70,1
1:11,80,3
1:11,100,2
1:11,110,1
1:12,50,1
1:12,80,1
1:12,110,2
1:13,60,1
1:13,80,1
1:13,100,2
1:14,50,1
1:14,60,2
1:14,100,2
1:15,-9,1
1:15,50,10
1:15,60,31
1:15,70,2
1:15,75,3
1:15,80,10
1:15,90,2
1:15,100,32
1:15,110,9
1:16,60,1
1:16,70,1
1:17,50,1
1:17,60,2
1:17,70,2
1:17,90,1
1:18,80,1
1:18,100,3
1:19,60,2
1:19,70,2
1:19,80,1
1:19,100,2
1:19,110,1
1:20,-9,1
1:20,40,1
1:20,50,7
1:20,60,28
1:20,70,4
1:20,75,1
1:20,80,16
1:20,100,24
1:20,110,9
1:21,100,1
1:22,-9,1
1:22,90,1
1:23,-9,1
1:23,60,2
1:23,80,1
1:23,100,2
1:24,50,1
1:24,60,1
1:25,50,1
1:25,60,12
1:25,70,3
1:25,75,1
1:25,90,3
1:25,100,15
1:25,110,2
1:26,60,1
1:26,75,1
1:26,80,7
1:26,100,1
1:27,50,1
1:27,80,1
1:28,60,1
1:28,70,2
1:28,100,2
1:29,40,1
1:29,60,2
1:29,80,1
1:30,-9,8
1:30,40,2
1:30,50,11
1:30,60,49
1:30,70,5
1:30,80,24
1:30,90,6
1:30,100,74
1:30,110,28
1:31,100,1
1:32,60,2
1:32,80,1
1:33,50,4
1:33,60,1
1:33,70,2
1:33,90,3
1:33,100,2
1:34,60,3
1:34,90,1
1:34,110,1
1:35,-9,2
1:35,50,4
1:35,60,20
1:35,70,5
1:35,75,1
1:35,80,5
1:35,90,1
1:35,100,10
1:35,110,4
1:36,60,2
1:36,70,2
1:36,100,1
1:37,-9,1
1:37,60,2
1:37,90,2
1:37,100,1
1:37,110,3
1:38,-9,1
1:38,60,1
1:38,90,1
1:38,100,2
1:38,110,1
1:39,60,1
1:39,80,2
1:40,-9,1
1:40,50,3
1:40,60,20
1:40,70,5
1:40,80,13
1:40,90,1
1:40,100,13
1:40,110,3
1:41,60,1
1:41,110,1
1:42,60,2
1:42,80,2
1:43,60,1
1:43,70,1
1:44,80,2
1:44,100,1
1:45,-9,3
1:45,50,4
1:45,60,30
1:45,70,9
1:45,75,3
1:45,80,15
1:45,90,7
1:45,100,29
1:45,110,17
1:46,60,1
1:46,80,2
1:47,60,2
1:47,80,1
1:47,110,2
1:48,80,3
1:48,100,2
1:49,60,1
1:49,70,1
1:49,100,2
1:49,110,1
1:50,-9,2
1:50,40,3
1:50,50,5
1:50,60,26
1:50,70,9
1:50,75,3
1:50,80,14
1:50,100,27
1:50,110,7
1:51,60,2
1:51,100,2
1:52,50,1
1:52,60,1
1:52,70,2
1:52,100,1
1:53,70,2
1:53,80,1
1:54,60,2
1:54,70,1
1:54,80,1
1:54,100,1
1:55,50,2
1:55,60,19
1:55,70,2
1:55,80,3
1:55,100,7
1:55,110,3
1:56,60,1
1:57,60,3
1:58,60,1
1:58,100,1
1:58,110,1
1:59,-9,1
1:59,60,1
1:59,110,1
2:00,-9,15
2:00,40,6
2:00,50,33
2:00,60,130
2:00,70,27
2:00,75,1
2:00,80,55
2:00,90,6
2:00,100,195
2:00,110,39
2:00,130,2
2:01,60,1
2:01,130,1
2:03,60,3
2:03,70,2
2:04,50,4
2:04,60,1
2:04,90,1
2:04,100,2
2:05,50,3
2:05,60,9
2:05,70,4
2:05,80,2
2:05,90,4
2:05,100,9
2:05,110,1
2:06,110,1
2:06,130,2
2:07,70,2
2:08,60,6
2:08,70,2
2:08,75,1
2:08,80,1
2:08,100,2
2:09,60,1
2:10,-9,1
2:10,50,3
2:10,60,32
2:10,70,3
2:10,80,16
2:10,100,29
2:10,110,7
2:11,60,1
2:11,70,1
2:11,100,1
2:12,50,1
2:12,60,1
2:13,60,1
2:13,70,1
2:13,90,1
2:13,100,1
2:14,60,1
2:14,80,2
2:14,90,1
2:15,-9,4
2:15,50,2
2:15,60,24
2:15,75,2
2:15,80,9
2:15,100,28
2:15,110,4
2:16,-9,1
2:16,60,3
2:16,70,2
2:16,80,1
2:17,60,1
2:18,60,1
2:18,70,2
2:18,80,3
2:19,50,1
2:19,70,1
2:19,100,1
2:19,110,1
2:20,-9,2
2:20,40,1
2:20,60,27
2:20,70,7
2:20,75,3
2:20,80,10
2:20,100,19
2:20,110,15
2:22,60,1
2:22,80,1
2:22,90,1
2:22,110,2
2:23,60,1
2:24,50,1
2:24,60,2
2:24,80,2
2:25,50,1
2:25,60,11
2:25,70,4
2:25,80,6
2:25,100,7
2:25,110,7
2:26,50,1
2:26,60,1
2:26,100,4
2:26,110,1
2:27,60,1
2:27,70,1
2:27,100,4
2:27,110,1
2:28,60,2
2:28,70,1
2:29,80,1
2:30,-9,8
2:30,30,1
2:30,40,2
2:30,50,6
2:30,60,56
2:30,70,11
2:30,75,1
2:30,80,31
2:30,90,3
2:30,100,49
2:30,110,42
2:31,60,2
2:31,70,1
2:32,100,1
2:32,110,3
2:33,60,1
2:33,110,1
2:34,50,1
2:34,60,2
2:34,80,1
2:34,100,2
2:34,110,1
2:35,-9,1
2:35,50,1
2:35,60,12
2:35,80,5
2:35,100,4
2:35,110,1
2:36,60,1
2:36,80,1
2:38,70,1
2:38,80,1
2:38,100,1
2:39,60,1
2:39,70,1
2:39,100,1
2:40,-9,2
2:40,50,9
2:40,60,13
2:40,70,2
2:40,80,6
2:40,90,3
2:40,100,20
2:40,110,8
2:41,60,1
2:41,100,1
2:42,50,1
2:43,50,1
2:43,60,1
2:43,100,2
2:43,110,1
2:44,60,2
2:44,75,1
2:44,80,1
2:44,100,1
2:45,50,4
2:45,60,39
2:45,70,2
2:45,80,5
2:45,90,2
2:45,100,18
2:45,110,7
2:46,60,1
2:47,70,1
2:48,50,1
2:48,60,1
2:48,80,1
2:48,100,1
2:48,110,4
2:49,-9,1
2:49,80,2
2:50,-9,1
2:50,50,7
2:50,60,23
2:50,70,9
2:50,75,3
2:50,80,6
2:50,90,1
2:50,100,25
2:50,110,8
2:51,60,1
2:51,70,1
2:52,-9,1
2:52,60,1
2:52,80,1
2:52,110,1
2:53,60,1
2:53,70,1
2:54,60,2
2:54,110,1
2:55,-9,2
2:55,50,4
2:55,60,15
2:55,70,1
2:55,80,5
2:55,90,2
2:55,100,7
2:55,110,5
2:57,50,2
2:57,60,1
2:57,100,1
2:58,60,2
2:58,70,1
2:58,100,1
2:59,40,1
2:59,50,1
2:59,70,1
3:00,-9,10
3:00,20,1
3:00,40,4
3:00,50,18
3:00,60,133
3:00,70,22
3:00,75,3
3:00,80,58
3:00,90,5
3:00,100,185
3:00,110,39
3:00,130,1
3:01,90,2
3:01,100,1
3:02,60,1
3:02,70,1
3:02,100,1
3:02,110,1
3:03,60,1
3:03,70,1
3:03,80,2
3:03,90,2
3:04,100,1
3:05,60,19
3:05,80,5
3:05,90,1
3:05,100,5
3:05,110,4
3:06,60,1
3:06,80,1
3:07,75,1
3:07,100,1
3:08,-9,1
3:08,60,3
3:08,70,1
3:08,80,1
3:08,90,1
3:08,100,2
3:09,70,1
3:09,80,2
3:10,50,5
3:10,60,18
3:10,70,7
3:10,80,9
3:10,90,1
3:10,100,15
3:10,110,8
3:11,40,1
3:11,60,1
3:11,110,3
3:12,50,1
3:12,60,1
3:12,100,1
3:12,110,1
3:13,60,1
3:13,80,3
3:14,60,1
3:14,100,2
3:14,110,1
3:15,-9,3
3:15,20,1
3:15,50,5
3:15,60,30
3:15,70,8
3:15,80,12
3:15,90,2
3:15,100,35
3:15,110,14
3:16,60,1
3:16,80,3
3:16,110,1
3:17,60,1
3:17,70,1
3:17,90,1
3:17,110,1
3:18,60,1
3:18,100,4
3:19,80,2
3:19,100,3
3:20,-9,2
3:20,50,4
3:20,60,18
3:20,70,4
3:20,80,7
3:20,90,1
3:20,100,14
3:20,110,11
3:21,60,3
3:21,70,1
3:21,100,2
3:22,80,5
3:22,100,1
3:23,10,1
3:23,70,1
3:23,80,2
3:23,100,1
3:23,110,1
3:24,60,2
3:24,80,1
3:24,90,1
3:25,50,2
3:25,60,11
3:25,75,2
3:25,80,3
3:25,100,6
3:25,110,5
3:26,60,2
3:26,110,1
3:28,60,2
3:28,70,1
3:28,75,1
3:28,80,1
3:28,110,1
3:30,-9,6
3:30,50,9
3:30,60,26
3:30,70,5
3:30,80,20
3:30,90,4
3:30,100,87
3:30,110,24
3:32,80,1
3:32,110,2
3:33,50,1
3:33,60,1
3:33,110,1
3:34,60,2
3:34,100,1
3:35,50,2
3:35,60,11
3:35,70,4
3:35,80,6
3:35,100,5
3:35,110,2
3:36,-9,1
3:37,60,2
3:37,80,1
3:38,60,2
3:38,70,4
3:38,100,1
3:39,80,1
3:39,100,1
3:40,50,6
3:40,60,16
3:40,70,2
3:40,75,1
3:40,80,6
3:40,90,6
3:40,100,17
3:40,110,7
3:42,100,1
3:43,100,1
3:44,-9,1
3:44,100,2
3:45,-9,1
3:45,30,1
3:45,50,4
3:45,60,21
3:45,70,6
3:45,75,1
3:45,80,2
3:45,90,1
3:45,100,21
3:45,110,9
3:45,130,1
3:46,-9,1
3:46,80,1
3:46,110,1
3:47,110,2
3:48,60,2
3:48,90,1
3:48,100,1
3:49,100,1
3:49,110,1
3:50,40,1
3:50,50,3
3:50,60,10
3:50,70,6
3:50,80,9
3:50,90,4
3:50,100,18
3:50,110,8
3:52,80,3
3:53,60,1
3:54,50,1
3:54,80,1
3:54,100,2
3:55,-9,1
3:55,60,9
3:55,70,3
3:55,80,5
3:55,100,8
3:55,110,6
3:56,60,2
3:57,60,2
3:57,100,2
3:57,110,1
3:58,60,4
3:59,60,1
3:59,90,1
3:59,110,1
4:00,-9,8
4:00,5,1
4:00,40,3
4:00,50,14
4:00,60,80
4:00,70,21
4:00,75,2
4:00,80,47
4:00,90,7
4:00,100,200
4:00,110,40
4:00,130,4
4:01,60,1
4:02,-9,1
4:02,100,1
4:04,60,2
4:04,80,1
4:04,90,1
4:05,50,2
4:05,60,8
4:05,70,4
4:05,80,5
4:05,90,1
4:05,100,6
4:05,110,3
4:06,60,1
4:06,100,3
4:07,60,1
4:07,80,2
4:07,100,1
4:08,60,5
4:09,60,2
4:09,110,2
4:10,50,6
4:10,60,14
4:10,70,5
4:10,75,1
4:10,80,6
4:10,90,2
4:10,100,17
4:10,110,5
4:11,60,1
4:11,100,1
4:11,110,1
4:12,70,1
4:12,130,1
4:13,70,1
4:13,80,1
4:14,60,1
4:14,70,1
4:14,80,1
4:14,90,1
4:15,-9,2
4:15,50,1
4:15,60,14
4:15,70,5
4:15,80,8
4:15,90,3
4:15,100,22
4:15,110,10
4:16,70,1
4:17,-9,1
4:17,60,1
4:17,70,1
4:18,100,1
4:19,50,1
4:19,70,1
4:19,80,1
4:19,100,1
4:19,110,1
4:20,50,6
4:20,60,19
4:20,70,6
4:20,80,10
4:20,90,1
4:20,100,14
4:20,110,3
4:21,50,1
4:21,60,1
4:22,50,1
4:22,60,1
4:23,80,1
4:24,60,1
4:24,110,2
4:25,50,1
4:25,60,4
4:25,70,2
4:25,80,7
4:25,90,2
4:25,100,11
4:25,110,5
4:27,80,1
4:28,50,1
4:28,100,1
4:28,110,1
4:29,50,1
4:30,-9,8
4:30,50,4
4:30,60,29
4:30,70,7
4:30,80,20
4:30,90,5
4:30,100,48
4:30,110,23
4:30,130,1
4:31,110,1
4:32,100,1
4:33,80,1
4:33,100,1
4:34,80,1
4:35,-9,1
4:35,60,9
4:35,80,3
4:35,100,4
4:35,110,3
4:36,60,3
4:36,70,1
4:36,110,1
4:37,60,2
4:37,70,1
4:37,80,1
4:37,100,2
4:37,110,1
4:38,60,1
4:38,80,1
4:38,90,1
4:38,110,1
4:39,100,1
4:40,-9,3
4:40,40,1
4:40,50,2
4:40,60,10
4:40,70,2
4:40,80,7
4:40,100,20
4:40,110,6
4:41,80,1
4:41,100,1
4:42,60,1
4:42,70,1
4:42,80,1
4:43,100,3
4:44,60,1
4:44,100,1
4:44,110,1
4:45,-9,1
4:45,20,1
4:45,50,7
4:45,60,8
4:45,70,4
4:45,80,10
4:45,90,5
4:45,100,17
4:45,110,22
4:46,50,1
4:46,60,1
4:47,50,1
4:48,80,1
4:48,100,1
4:49,60,1
4:49,80,1
4:49,100,1
4:49,110,1
4:50,-9,1
4:50,50,4
4:50,60,13
4:50,75,2
4:50,80,4
4:50,90,2
4:50,100,20
4:50,110,10
4:51,60,1
4:51,80,2
4:52,60,2
4:52,100,2
4:54,50,1
4:55,-9,3
4:55,50,2
4:55,60,11
4:55,70,5
4:55,80,8
4:55,100,8
4:55,110,4
4:56,50,1
4:56,100,1
4:56,110,2
4:58,70,1
5:00,-9,3
5:00,40,2
5:00,50,14
5:00,60,120
5:00,70,17
5:00,75,2
5:00,80,55
5:00,90,12
5:00,100,244
5:00,110,38
5:00,130,1
5:02,60,2
5:02,100,2
5:03,60,1
5:03,70,1
5:03,80,1
5:03,110,2
5:04,60,1
5:04,110,2
5:05,50,1
5:05,60,6
5:05,70,2
5:05,80,5
5:05,90,4
5:05,100,13
5:05,110,3
5:06,60,3
5:06,80,1
5:06,100,2
5:06,110,1
5:07,60,3
5:07,70,2
5:07,80,2
5:07,90,1
5:08,60,1
5:09,60,2
5:09,80,1
5:09,100,1
5:10,-9,1
5:10,40,3
5:10,50,2
5:10,60,19
5:10,80,4
5:10,90,1
5:10,100,13
5:10,110,7
5:11,80,1
5:12,50,3
5:12,70,1
5:12,80,1
5:12,100,1
5:13,100,2
5:13,110,1
5:14,50,1
5:14,80,1
5:14,110,1
5:15,-9,2
5:15,50,6
5:15,60,18
5:15,70,4
5:15,80,13
5:15,100,28
5:15,110,13
5:16,60,1
5:16,70,2
5:17,100,1
5:18,60,1
5:18,70,2
5:18,80,3
5:18,100,2
5:18,110,2
5:19,100,3
5:20,-9,4
5:20,50,3
5:20,60,16
5:20,70,6
5:20,80,8
5:20,100,26
5:20,110,15
5:21,80,1
5:21,110,1
5:22,90,1
5:22,110,1
5:23,50,1
5:23,110,1
5:24,80,1
5:25,50,2
5:25,60,5
5:25,70,2
5:25,80,2
5:25,90,1
5:25,100,11
5:25,110,3
5:26,50,1
5:26,60,1
5:26,80,1
5:26,100,3
5:28,60,1
5:28,100,2
5:28,110,1
5:29,60,1
5:29,70,1
5:29,100,1
5:30,-9,4
5:30,50,5
5:30,60,21
5:30,70,5
5:30,80,22
5:30,90,5
5:30,100,45
5:30,110,25
5:30,130,1
5:31,80,1
5:31,100,1
5:32,60,1
5:32,80,2
5:33,70,2
5:33,80,1
5:33,110,2
5:34,60,2
5:35,50,1
5:35,60,8
5:35,70,2
5:35,80,2
5:35,90,5
5:35,100,11
5:35,110,4
5:36,50,1
5:37,60,1
5:37,70,2
5:37,80,1
5:37,110,1
5:38,100,4
5:38,110,1
5:39,60,2
5:39,100,1
5:39,110,2
5:40,-9,1
5:40,50,3
5:40,60,12
5:40,70,6
5:40,80,12
5:40,90,2
5:40,100,28
5:40,110,6
5:41,80,1
5:42,60,2
5:42,70,1
5:43,40,1
5:43,60,1
5:43,100,2
5:44,60,1
5:44,80,1
5:44,100,1
5:44,110,2
5:45,-9,1
5:45,40,1
5:45,50,3
5:45,60,30
5:45,70,6
5:45,80,18
5:45,90,4
5:45,100,32
5:45,110,16
5:46,90,3
5:46,100,1
5:47,70,1
5:47,80,1
5:47,90,1
5:48,60,2
5:49,60,1
5:50,-9,1
5:50,50,4
5:50,60,14
5:50,70,5
5:50,80,10
5:50,90,1
5:50,100,28
5:50,110,13
5:51,50,1
5:51,75,1
5:51,80,2
5:51,100,1
5:52,60,1
5:52,110,2
5:53,60,2
5:53,80,2
5:53,110,1
5:54,50,2
5:54,70,1
5:54,100,1
5:55,50,3
5:55,60,12
5:55,70,2
5:55,80,8
5:55,90,1
5:55,100,17
5:55,110,6
5:56,100,4
5:58,60,3
5:58,80,2
5:58,90,1
5:59,60,2
5:59,80,1
6:00,-9,5
6:00,5,1
6:00,20,1
6:00,40,4
6:00,50,21
6:00,60,125
6:00,70,23
6:00,75,2
6:00,80,80
6:00,90,4
6:00,100,236
6:00,110,65
6:00,130,2
6:01,60,2
6:02,50,1
6:02,110,1
6:03,60,1
6:03,80,1
6:03,100,1
6:04,110,4
6:04,130,2
6:05,-9,1
6:05,60,12
6:05,70,4
6:05,75,1
6:05,80,6
6:05,90,1
6:05,100,16
6:05,110,10
6:06,60,1
6:06,90,2
6:06,100,1
6:06,110,4
6:07,60,2
6:07,100,1
6:07,110,1
6:08,60,1
6:08,70,1
6:08,75,1
6:08,80,1
6:08,100,2
6:09,50,1
6:09,60,3
6:09,70,1
6:09,90,1
6:09,100,3
6:09,110,1
6:10,-9,4
6:10,50,2
6:10,60,23
6:10,70,4
6:10,80,11
6:10,90,5
6:10,100,23
6:10,110,21
6:11,60,2
6:12,60,1
6:12,80,1
6:12,100,2
6:12,110,1
6:12,130,5
6:13,60,2
6:13,70,2
6:13,80,1
6:13,100,2
6:14,70,1
6:14,80,1
6:15,-9,2
6:15,20,1
6:15,50,5
6:15,60,23
6:15,70,2
6:15,80,13
6:15,90,7
6:15,100,37
6:15,110,15
6:16,40,1
6:16,70,1
6:16,100,1
6:16,110,1
6:17,60,5
6:17,80,1
6:17,110,1
6:18,70,1
6:18,80,1
6:18,100,2
6:18,110,1
6:19,60,2
6:19,80,1
6:19,100,1
6:19,110,1
6:20,-9,1
6:20,40,1
6:20,50,3
6:20,60,23
6:20,70,6
6:20,75,2
6:20,80,12
6:20,90,8
6:20,100,28
6:20,110,17
6:21,50,1
6:21,60,1
6:22,50,1
6:22,60,1
6:22,80,2
6:22,90,1
6:22,100,1
6:23,60,6
6:23,70,2
6:23,80,2
6:23,100,3
6:23,110,1
6:24,60,1
6:24,80,1
6:24,90,1
6:24,100,2
6:24,110,1
6:25,-9,2
6:25,40,1
6:25,50,2
6:25,60,18
6:25,70,3
6:25,75,1
6:25,80,16
6:25,90,1
6:25,100,16
6:25,110,11
6:26,50,1
6:26,80,1
6:26,100,1
6:26,110,2
6:27,60,1
6:27,100,1
6:27,110,1
6:28,-9,1
6:28,60,4
6:28,90,1
6:28,100,2
6:28,110,1
6:29,80,1
6:29,110,1
6:30,-9,9
6:30,50,8
6:30,60,30
6:30,70,10
6:30,80,31
6:30,90,6
6:30,100,70
6:30,110,36
6:31,40,1
6:32,60,2
6:32,110,3
6:33,60,2
6:33,100,2
6:33,110,1
6:34,80,2
6:35,-9,1
6:35,50,2
6:35,60,12
6:35,70,2
6:35,80,8
6:35,100,16
6:35,110,7
6:35,130,1
6:36,50,1
6:37,-9,1
6:37,50,1
6:37,60,2
6:37,100,2
6:37,110,1
6:38,100,1
6:39,60,1
6:39,110,1
6:40,-9,3
6:40,50,7
6:40,60,22
6:40,70,5
6:40,80,13
6:40,90,3
6:40,100,32
6:40,110,9
6:41,50,1
6:41,60,1
6:41,100,1
6:42,60,2
6:43,60,1
6:43,70,1
6:43,80,1
6:43,100,1
6:44,70,1
6:44,80,1
6:44,100,2
6:44,110,1
6:45,-9,8
6:45,50,4
6:45,60,27
6:45,70,3
6:45,75,3
6:45,80,7
6:45,90,4
6:45,100,47
6:45,110,23
6:46,60,1
6:46,70,1
6:46,100,2
6:47,60,3
6:47,80,3
6:47,100,2
6:48,50,1
6:48,60,1
6:48,75,1
6:48,80,2
6:48,100,1
6:49,50,1
6:49,60,1
6:49,80,2
6:49,100,4
6:49,110,2
6:50,-9,2
6:50,50,7
6:50,60,36
6:50,70,6
6:50,75,3
6:50,80,15
6:50,90,6
6:50,100,44
6:50,110,18
6:50,130,1
6:51,60,1
6:51,70,5
6:51,110,1
6:52,60,1
6:52,80,2
6:52,100,3
6:53,60,2
6:53,100,1
6:53,110,1
6:54,50,1
6:54,70,1
6:55,-9,1
6:55,50,4
6:55,60,25
6:55,70,3
6:55,75,1
6:55,80,11
6:55,90,2
6:55,100,16
6:55,110,7
6:56,-9,1
6:56,60,2
6:56,90,1
6:56,100,1
6:57,60,1
6:58,60,2
6:58,70,1
6:58,100,2
6:58,110,1
6:59,60,3
6:59,100,2
7:00,-9,5
7:00,20,1
7:00,40,2
7:00,50,21
7:00,60,148
7:00,70,19
7:00,75,1
7:00,80,81
7:00,90,12
7:00,100,303
7:00,110,46
7:00,130,2
7:01,70,1
7:02,60,1
7:02,110,2
7:03,50,1
7:03,80,1
7:03,100,3
7:04,60,1
7:04,80,2
7:04,100,3
7:04,110,1
7:05,40,1
7:05,50,2
7:05,60,12
7:05,70,2
7:05,75,2
7:05,80,7
7:05,90,3
7:05,100,21
7:05,110,5
7:05,130,1
7:06,80,3
7:06,100,1
7:06,110,1
7:07,60,1
7:07,80,1
7:07,100,1
7:08,60,1
7:08,80,2
7:08,100,1
7:08,110,1
7:09,50,1
7:09,80,1
7:09,110,1
7:10,-9,1
7:10,20,1
7:10,40,2
7:10,50,2
7:10,60,24
7:10,70,9
7:10,75,2
7:10,80,17
7:10,90,4
7:10,100,29
7:10,110,17
7:11,60,2
7:11,70,1
7:11,100,1
7:11,110,1
7:12,90,1
7:12,100,3
7:13,70,3
7:13,100,1
7:14,50,1
7:14,100,1
7:14,110,1
7:15,-9,4
7:15,40,2
7:15,50,7
7:15,60,24
7:15,70,4
7:15,75,1
7:15,80,8
7:15,90,3
7:15,100,38
7:15,110,18
7:16,80,2
7:17,60,1
7:17,100,1
7:18,50,1
7:18,60,3
7:19,50,1
7:19,80,2
7:19,100,1
7:20,50,7
7:20,60,18
7:20,70,2
7:20,80,5
7:20,100,42
7:20,110,16
7:21,80,1
7:22,60,1
7:22,90,1
7:22,100,1
7:22,110,1
7:23,60,2
7:23,80,1
7:23,100,1
7:24,60,1
7:24,80,2
7:24,100,1
7:24,130,1
7:25,-9,3
7:25,50,3
7:25,60,17
7:25,70,1
7:25,75,1
7:25,80,4
7:25,90,1
7:25,100,10
7:25,110,1
7:26,50,2
7:26,100,1
7:27,60,1
7:27,70,1
7:27,80,1
7:27,100,1
7:28,-9,2
7:28,50,1
7:28,60,2
7:28,90,1
7:28,100,2
7:29,70,1
7:29,100,1
7:30,-9,4
7:30,50,7
7:30,60,31
7:30,70,4
7:30,75,1
7:30,80,16
7:30,90,1
7:30,100,72
7:30,110,43
7:31,60,1
7:31,110,2
7:32,80,1
7:32,110,3
7:33,-9,1
7:33,60,1
7:33,70,1
7:33,100,1
7:33,110,1
7:34,60,1
7:34,70,1
7:34,80,1
7:34,100,1
7:34,110,1
7:35,50,2
7:35,60,14
7:35,70,4
7:35,80,3
7:35,90,3
7:35,100,12
7:35,110,6
7:36,100,1
7:37,50,1
7:37,60,1
7:37,100,1
7:37,110,1
7:38,50,1
7:38,70,1
7:38,100,4
7:39,50,1
7:39,60,2
7:39,100,3
7:40,-9,2
7:40,40,3
7:40,50,3
7:40,60,17
7:40,70,4
7:40,75,1
7:40,80,11
7:40,90,1
7:40,100,42
7:40,110,13
7:41,60,2
7:42,60,1
7:42,100,2
7:42,110,1
7:43,60,3
7:43,100,2
7:43,110,1
7:44,60,2
7:45,-9,2
7:45,50,5
7:45,60,24
7:45,70,4
7:45,80,19
7:45,90,7
7:45,100,54
7:45,110,15
7:46,50,2
7:46,60,3
7:46,80,1
7:46,100,1
7:47,60,1
7:47,80,1
7:48,50,2
7:48,60,1
7:48,110,1
7:49,100,2
7:50,-9,2
7:50,40,1
7:50,50,5
7:50,60,29
7:50,70,4
7:50,75,1
7:50,80,9
7:50,90,2
7:50,100,31
7:50,110,8
7:51,60,1
7:51,100,2
7:51,110,2
7:52,70,1
7:52,80,1
7:52,100,3
7:53,60,2
7:53,80,1
7:53,90,1
7:53,100,2
7:54,50,1
7:54,100,1
7:54,110,2
7:55,-9,1
7:55,40,1
7:55,50,2
7:55,60,20
7:55,70,4
7:55,80,4
7:55,100,26
7:55,110,8
7:56,50,1
7:56,60,2
7:56,100,2
7:57,100,2
7:57,110,1
7:58,50,1
7:58,60,2
7:58,80,1
7:58,90,2
7:58,130,1
7:59,-9,1
7:59,60,2
7:59,70,1
8:00,-9,10
8:00,20,1
8:00,30,1
8:00,40,15
8:00,50,26
8:00,60,161
8:00,70,26
8:00,75,1
8:00,80,74
8:00,90,12
8:00,100,267
8:00,110,86
8:01,60,2
8:01,100,1
8:01,110,2
8:02,60,1
8:02,80,1
8:02,90,1
8:02,100,1
8:03,-9,1
8:03,70,1
8:04,40,1
8:04,50,1
8:04,60,2
8:04,70,1
8:04,110,1
8:05,50,1
8:05,60,13
8:05,70,3
8:05,80,1
8:05,100,26
8:05,110,7
8:05,130,1
8:06,60,3
8:06,70,1
8:07,60,2
8:07,80,2
8:07,100,1
8:07,110,4
8:08,80,4
8:08,130,2
8:09,-9,1
8:09,50,1
8:09,100,2
8:10,-9,5
8:10,50,8
8:10,60,19
8:10,70,1
8:10,80,9
8:10,90,2
8:10,100,35
8:10,110,11
8:11,50,1
8:11,100,6
8:11,110,1
8:12,-9,1
8:12,50,1
8:12,60,1
8:12,110,1
8:13,50,1
8:13,60,1
8:13,90,1
8:13,110,2
8:14,50,1
8:14,110,2
8:15,-9,4
8:15,50,4
8:15,60,31
8:15,70,3
8:15,75,1
8:15,80,9
8:15,90,2
8:15,100,43
8:15,110,30
8:16,60,2
8:16,80,1
8:17,80,1
8:17,100,1
8:18,60,1
8:18,70,1
8:18,80,1
8:18,100,1
8:19,50,1
8:19,80,2
8:19,100,1
8:19,110,1
8:20,-9,6
8:20,40,1
8:20,50,10
8:20,60,29
8:20,70,6
8:20,80,13
8:20,90,1
8:20,100,37
8:20,110,14
8:21,50,1
8:21,110,1
8:22,60,1
8:22,90,1
8:22,100,3
8:22,110,1
8:23,80,2
8:24,50,1
8:24,80,1
8:24,90,1
8:24,100,1
8:25,50,5
8:25,60,18
8:25,70,2
8:25,80,8
8:25,100,15
8:25,110,4
8:26,40,1
8:26,60,1
8:26,100,3
8:27,60,1
8:27,80,1
8:27,100,2
8:28,50,1
8:28,60,1
8:28,70,1
8:28,80,3
8:28,100,1
8:29,70,2
8:29,80,1
8:29,100,2
8:30,-9,7
8:30,30,1
8:30,40,1
8:30,50,11
8:30,60,39
8:30,70,11
8:30,80,9
8:30,90,4
8:30,100,53
8:30,110,38
8:30,130,1
8:31,60,2
8:31,100,3
8:32,50,2
8:32,60,3
8:33,80,1
8:34,50,1
8:34,70,1
8:34,100,2
8:35,-9,2
8:35,40,2
8:35,50,6
8:35,60,18
8:35,70,2
8:35,80,6
8:35,90,1
8:35,100,36
8:35,110,11
8:36,50,2
8:36,60,2
8:36,100,2
8:37,60,1
8:37,80,2
8:37,100,2
8:38,60,1
8:38,100,3
8:39,80,1
8:40,-9,1
8:40,50,4
8:40,60,23
8:40,70,15
8:40,75,1
8:40,80,17
8:40,90,4
8:40,100,27
8:40,110,19
8:41,60,1
8:41,100,1
8:41,110,1
8:42,-9,1
8:42,60,3
8:42,70,3
8:42,80,1
8:42,100,1
8:42,110,1
8:43,60,3
8:43,80,1
8:43,90,1
8:43,110,1
8:44,60,1
8:44,70,1
8:45,-9,2
8:45,50,7
8:45,60,21
8:45,70,4
8:45,80,17
8:45,90,2
8:45,100,37
8:45,110,11
8:45,130,2
8:46,50,1
8:46,60,1
8:46,70,1
8:46,110,1
8:47,50,1
8:47,60,1
8:47,70,1
8:47,110,1
8:48,50,2
8:48,60,1
8:48,80,1
8:48,100,1
8:48,110,2
8:49,50,1
8:49,60,2
8:49,80,1
8:49,100,2
8:50,-9,1
8:50,50,7
8:50,60,29
8:50,70,5
8:50,80,7
8:50,90,2
8:50,100,38
8:50,110,9
8:51,-9,1
8:51,50,1
8:51,110,3
8:52,50,1
8:52,60,2
8:52,80,5
8:52,100,2
8:52,110,1
8:53,-9,1
8:53,60,1
8:53,100,2
8:53,110,1
8:54,60,2
8:55,-9,1
8:55,40,1
8:55,60,16
8:55,70,3
8:55,80,13
8:55,100,21
8:55,110,10
8:56,60,3
8:56,90,1
8:56,100,1
8:56,110,1
8:57,10,1
8:57,60,2
8:57,80,1
8:57,100,2
8:57,110,2
8:58,-9,1
8:58,60,4
8:58,70,1
8:58,75,1
8:58,100,4
8:58,110,2
8:59,50,1
8:59,70,1
8:59,100,1
9:00,-9,11
9:00,5,1
9:00,20,2
9:00,40,6
9:00,50,37
9:00,60,164
9:00,70,23
9:00,75,1
9:00,80,80
9:00,90,6
9:00,100,275
9:00,110,33
9:00,130,1
9:01,60,1
9:01,100,1
9:02,50,3
9:02,60,1
9:02,110,1
9:03,50,1
9:03,60,3
9:03,100,2
9:04,-9,1
9:04,60,2
9:04,110,1
9:05,-9,4
9:05,40,2
9:05,50,1
9:05,60,21
9:05,70,2
9:05,80,7
9:05,90,2
9:05,100,13
9:05,110,7
9:06,-9,1
9:06,10,1
9:06,60,1
9:06,100,1
9:07,10,1
9:07,40,1
9:07,60,2
9:07,110,1
9:08,60,5
9:08,90,1
9:08,100,2
9:08,110,1
9:09,60,2
9:09,80,1
9:09,110,1
9:10,-9,3
9:10,20,1
9:10,40,2
9:10,50,6
9:10,60,25
9:10,70,5
9:10,80,8
9:10,90,4
9:10,100,20
9:10,110,14
9:11,60,2
9:11,70,1
9:11,100,3
9:12,60,2
9:12,70,2
9:12,80,3
9:12,100,1
9:12,110,1
9:13,50,1
9:13,60,1
9:13,70,1
9:13,80,1
9:13,110,1
9:14,-9,1
9:14,50,1
9:14,70,1
9:14,100,1
9:14,110,2
9:15,-9,16
9:15,50,9
9:15,60,37
9:15,70,3
9:15,80,11
9:15,90,6
9:15,100,36
9:15,110,18
9:15,130,1
9:16,70,1
9:16,100,1
9:17,100,2
9:17,110,3
9:18,60,3
9:18,80,1
9:18,100,1
9:18,110,1
9:19,80,1
9:19,100,1
9:19,110,1
9:20,-9,6
9:20,40,2
9:20,50,7
9:20,60,26
9:20,70,9
9:20,75,2
9:20,80,10
9:20,90,2
9:20,100,51
9:20,110,13
9:21,50,1
9:22,50,1
9:22,60,1
9:22,100,1
9:23,50,1
9:23,90,2
9:23,110,1
9:24,-9,1
9:24,60,1
9:24,80,1
9:25,-9,1
9:25,30,1
9:25,40,4
9:25,50,4
9:25,60,13
9:25,70,6
9:25,80,3
9:25,90,2
9:25,100,27
9:25,110,11
9:26,60,2
9:26,70,1
9:26,80,2
9:26,100,2
9:27,20,1
9:27,40,1
9:27,60,3
9:27,90,1
9:28,50,1
9:28,60,3
9:28,70,1
9:28,90,1
9:28,100,1
9:28,110,2
9:29,50,1
9:29,60,1
9:30,-9,8
9:30,40,2
9:30,50,19
9:30,60,48
9:30,70,10
9:30,80,21
9:30,90,4
9:30,100,75
9:30,110,37
9:30,130,1
9:31,50,1
9:31,110,1
9:32,60,2
9:32,100,1
9:32,110,2
9:33,80,2
9:33,100,1
9:34,-9,2
9:34,50,1
9:34,60,1
9:34,80,1
9:34,100,2
9:35,-9,1
9:35,50,4
9:35,60,10
9:35,70,7
9:35,80,5
9:35,100,18
9:35,110,6
9:36,60,2
9:36,100,2
9:37,-9,1
9:37,60,1
9:37,80,1
9:37,100,3
9:37,110,2
9:38,-9,1
9:38,60,3
9:38,70,1
9:38,100,4
9:39,60,1
9:39,70,1
9:39,80,1
9:40,-9,5
9:40,40,1
9:40,50,5
9:40,60,41
9:40,70,5
9:40,75,1
9:40,80,13
9:40,90,2
9:40,100,30
9:40,110,15
9:41,60,1
9:41,80,1
9:41,110,1
9:42,-9,1
9:42,100,1
9:43,50,1
9:43,60,1
9:43,100,2
9:44,50,1
9:44,60,3
9:44,90,1
9:44,100,1
9:44,110,1
9:45,-9,3
9:45,40,1
9:45,50,8
9:45,60,36
9:45,70,8
9:45,75,1
9:45,80,11
9:45,90,7
9:45,100,39
9:45,110,18
9:45,130,2
9:46,60,1
9:46,100,1
9:47,60,1
9:47,70,1
9:47,100,2
9:47,110,1
9:48,50,2
9:48,60,2
9:48,110,4
9:49,100,1
9:49,110,1
9:50,-9,4
9:50,40,1
9:50,50,4
9:50,60,26
9:50,70,5
9:50,75,2
9:50,80,11
9:50,90,3
9:50,100,42
9:50,110,11
9:51,80,1
9:52,60,3
9:52,100,1
9:53,-9,1
9:53,50,2
9:53,70,1
9:53,80,2
9:54,40,1
9:54,60,4
9:54,100,3
9:54,110,1
9:55,-9,2
9:55,40,2
9:55,50,6
9:55,60,27
9:55,70,2
9:55,75,1
9:55,80,9
9:55,90,1
9:55,100,25
9:55,110,5
9:56,60,4
9:56,70,1
9:56,110,1
9:57,60,3
9:57,100,4
9:58,20,1
9:58,40,2
9:58,60,2
9:58,70,2
9:58,80,2
9:58,90,2
9:59,50,2
9:59,60,1
9:59,70,1
10:00,-9,7
10:00,10,3
10:00,25,1
10:00,40,7
10:00,50,36
10:00,60,182
10:00,70,24
10:00,75,2
10:00,80,82
10:00,90,17
10:00,100,321
10:00,110,58
10:00,130,2
10:01,60,3
10:01,110,1
10:02,80,1
10:02,100,5
10:03,50,1
10:03,60,2
10:03,90,1
10:03,100,2
10:03,110,2
10:04,60,2
10:05,-9,2
10:05,40,3
10:05,50,7
10:05,60,23
10:05,70,1
10:05,80,5
10:05,90,3
10:05,100,20
10:05,110,7
10:06,60,2
10:06,100,1
10:07,70,1
10:07,80,2
10:07,110,1
10:07,130,1
10:08,80,3
10:08,100,2
10:08,110,1
10:09,60,3
10:09,80,1
10:09,100,1
10:10,40,3
10:10,50,14
10:10,60,32
10:10,70,5
10:10,75,2
10:10,80,11
10:10,90,2
10:10,100,32
10:10,110,7
10:11,50,1
10:11,100,1
10:11,110,1
10:12,60,3
10:12,70,1
10:12,100,1
10:12,110,4
10:12,130,2
10:13,50,3
10:13,70,2
10:13,100,2
10:14,60,1
10:14,100,2
10:14,110,1
10:15,-9,5
10:15,50,4
10:15,60,40
10:15,70,5
10:15,75,1
10:15,80,8
10:15,90,5
10:15,100,59
10:15,110,20
10:15,130,1
10:16,60,4
10:16,100,3
10:16,110,2
10:17,60,3
10:17,70,1
10:17,80,1
10:18,-9,1
10:18,60,2
10:18,100,4
10:18,<40,1
10:19,60,1
10:19,80,2
10:19,100,2
10:19,110,1
10:20,-9,4
10:20,50,9
10:20,60,31
10:20,70,5
10:20,80,14
10:20,90,4
10:20,100,42
10:20,110,17
10:21,60,1
10:21,90,1
10:22,60,1
10:22,100,2
10:22,110,1
10:23,-9,1
10:23,60,1
10:23,80,2
10:23,100,1
10:23,110,1
10:24,50,1
10:24,70,2
10:24,100,3
10:24,110,1
10:25,-9,1
10:25,40,1
10:25,50,10
10:25,60,29
10:25,70,1
10:25,80,8
10:25,90,3
10:25,100,25
10:25,110,5
10:25,130,2
10:26,60,1
10:26,80,1
10:26,100,1
10:27,-9,4
10:27,80,1
10:27,100,2
10:28,60,1
10:28,80,3
10:28,100,4
10:29,50,1
10:29,80,2
10:29,100,1
10:29,110,1
10:30,-9,13
10:30,50,13
10:30,60,49
10:30,70,8
10:30,75,1
10:30,80,21
10:30,90,7
10:30,100,110
10:30,110,63
10:30,<40,13
10:31,80,1
10:31,90,1
10:31,100,1
10:32,60,1
10:32,80,2
10:32,100,1
10:32,110,2
10:33,-9,2
10:33,60,1
10:33,70,1
10:33,80,1
10:33,100,1
10:34,50,1
10:34,60,2
10:34,100,3
10:34,110,2
10:35,-9,3
10:35,50,5
10:35,60,19
10:35,70,9
10:35,80,11
10:35,90,5
10:35,100,18
10:35,110,6
10:36,60,1
10:37,20,1
10:37,80,1
10:37,100,1
10:37,110,3
10:38,50,1
10:38,60,2
10:38,100,3
10:38,110,1
10:39,-9,1
10:39,70,1
10:39,100,1
10:40,-9,3
10:40,10,1
10:40,50,7
10:40,60,38
10:40,70,3
10:40,80,15
10:40,90,1
10:40,100,45
10:40,110,24
10:41,50,2
10:41,110,1
10:42,60,1
10:42,70,1
10:42,80,3
10:42,100,7
10:42,110,2
10:43,60,2
10:43,80,1
10:43,100,3
10:43,110,2
10:44,50,2
10:44,60,2
10:44,70,1
10:44,80,1
10:45,-9,6
10:45,50,8
10:45,60,37
10:45,70,9
10:45,75,1
10:45,80,13
10:45,90,3
10:45,100,48
10:45,110,22
10:46,60,2
10:46,70,1
10:46,80,1
10:46,100,1
10:46,110,1
10:47,50,1
10:47,60,1
10:47,80,2
10:48,20,1
10:48,60,1
10:48,80,1
10:48,90,1
10:48,100,2
10:48,110,2
10:49,50,3
10:49,60,1
10:49,80,2
10:49,110,1
10:50,-9,7
10:50,40,2
10:50,50,7
10:50,60,28
10:50,70,6
10:50,80,25
10:50,90,3
10:50,100,40
10:50,110,17
10:51,80,1
10:51,100,1
10:52,50,1
10:52,60,2
10:52,70,1
10:52,80,1
10:52,100,5
10:52,110,1
10:53,50,1
10:53,60,2
10:53,70,1
10:53,90,1
10:53,100,1
10:53,110,1
10:54,50,1
10:54,70,2
10:54,80,1
10:54,100,1
10:54,110,1
10:55,-9,3
10:55,50,3
10:55,60,22
10:55,70,7
10:55,80,11
10:55,90,2
10:55,100,26
10:55,110,7
10:56,50,1
10:56,100,2
10:57,60,1
10:57,70,2
10:57,80,1
10:57,110,3
10:58,40,1
10:58,50,1
10:58,80,1
10:58,110,3
10:59,50,1
10:59,60,1
10:59,100,2
11:00,-9,18
11:00,10,1
11:00,40,5
11:00,50,46
11:00,60,188
11:00,70,22
11:00,80,96
11:00,90,6
11:00,100,363
11:00,110,58
11:00,130,1
11:01,-9,1
11:01,90,1
11:01,100,1
11:01,110,4
11:02,80,1
11:02,100,1
11:02,110,2
11:03,-9,1
11:03,50,1
11:03,60,1
11:03,110,3
11:04,60,2
11:04,80,1
11:04,100,1
11:05,-9,2
11:05,50,8
11:05,60,31
11:05,70,5
11:05,80,10
11:05,100,28
11:05,110,7
11:06,-9,1
11:06,60,1
11:06,70,1
11:06,90,1
11:06,100,2
11:07,60,3
11:07,80,2
11:07,100,2
11:08,80,1
11:08,100,1
11:08,110,1
11:09,50,2
11:09,60,2
11:09,100,2
11:10,-9,1
11:10,30,1
11:10,40,1
11:10,50,9
11:10,60,26
11:10,70,7
11:10,80,12
11:10,90,2
11:10,100,31
11:10,110,16
11:11,60,1
11:11,70,4
11:11,90,1
11:11,100,1
11:12,50,1
11:12,70,1
11:12,80,1
11:12,100,3
11:12,110,2
11:12,130,1
11:13,50,1
11:13,80,1
11:13,100,4
11:13,110,2
11:14,60,2
11:14,70,1
11:14,80,2
11:15,-9,6
11:15,40,3
11:15,50,9
11:15,60,43
11:15,70,2
11:15,80,17
11:15,90,4
11:15,100,43
11:15,110,12
11:15,<40,6
11:16,50,1
11:16,60,1
11:16,70,1
11:16,80,2
11:16,90,1
11:16,100,1
11:17,50,1
11:17,110,2
11:18,50,1
11:18,60,2
11:18,100,4
11:18,110,1
11:19,40,1
11:19,60,2
11:19,80,2
11:19,100,1
11:19,110,4
11:20,-9,2
11:20,40,1
11:20,50,5
11:20,60,33
11:20,70,10
11:20,75,1
11:20,80,10
11:20,90,4
11:20,100,45
11:20,110,21
11:21,60,1
11:21,80,1
11:22,-9,1
11:22,40,1
11:22,50,2
11:22,100,2
11:22,110,1
11:23,50,1
11:23,60,2
11:23,70,1
11:23,80,1
11:24,60,1
11:24,70,1
11:24,100,1
11:24,110,1
11:25,-9,5
11:25,40,1
11:25,50,4
11:25,60,16
11:25,70,3
11:25,75,1
11:25,80,9
11:25,90,2
11:25,100,32
11:25,110,8
11:26,60,2
11:26,70,1
11:26,90,1
11:26,100,1
11:27,-9,1
11:27,60,1
11:27,80,1
11:27,100,2
11:27,110,2
11:28,-9,1
11:28,60,5
11:28,80,1
11:28,100,3
11:28,110,3
11:29,50,2
11:29,60,1
11:29,80,1
11:29,100,3
11:30,-9,5
11:30,40,2
11:30,50,5
11:30,60,51
11:30,70,4
11:30,75,2
11:30,80,22
11:30,90,11
11:30,100,114
11:30,110,36
11:30,130,2
11:31,50,1
11:31,80,1
11:31,100,1
11:32,50,1
11:32,90,1
11:32,100,3
11:32,110,2
11:33,50,4
11:33,80,1
11:33,100,4
11:33,110,2
11:34,50,1
11:34,60,1
11:34,90,1
11:34,100,3
11:34,110,1
11:35,-9,1
11:35,50,5
11:35,60,19
11:35,70,2
11:35,80,13
11:35,100,35
11:35,110,19
11:36,50,1
11:36,60,1
11:36,70,2
11:37,20,1
11:37,50,1
11:37,80,1
11:37,100,2
11:37,110,2
11:38,40,1
11:38,50,1
11:38,100,2
11:39,40,1
11:39,60,1
11:39,70,1
11:39,80,1
11:39,100,4
11:40,-9,1
11:40,50,9
11:40,60,28
11:40,70,8
11:40,75,2
11:40,80,15
11:40,90,2
11:40,100,34
11:40,110,18
11:41,60,1
11:41,70,1
11:41,100,2
11:42,60,1
11:42,70,1
11:42,80,1
11:42,100,1
11:43,60,3
11:43,70,1
11:43,80,1
11:43,90,2
11:43,100,2
11:43,110,1
11:44,50,1
11:44,60,1
11:44,100,4
11:45,-9,6
11:45,40,1
11:45,50,12
11:45,60,35
11:45,70,3
11:45,75,1
11:45,80,17
11:45,90,1
11:45,100,51
11:45,110,21
11:46,60,2
11:46,70,1
11:46,100,1
11:46,110,2
11:47,-9,1
11:47,50,2
11:47,60,1
11:47,80,3
11:47,100,3
11:48,60,5
11:48,80,3
11:48,100,4
11:48,110,1
11:49,60,1
11:49,80,1
11:49,100,3
11:49,110,3
11:50,-9,1
11:50,20,1
11:50,40,3
11:50,50,10
11:50,60,36
11:50,70,8
11:50,80,14
11:50,90,5
11:50,100,38
11:50,110,23
11:50,130,1
11:51,110,4
11:52,50,1
11:52,60,3
11:52,100,1
11:53,50,1
11:53,60,3
11:53,80,2
11:53,100,2
11:54,10,1
11:54,50,1
11:54,60,4
11:54,100,3
11:54,110,1
11:55,-9,2
11:55,50,6
11:55,60,22
11:55,70,2
11:55,80,9
11:55,90,6
11:55,100,33
11:55,110,13
11:56,50,1
11:56,60,1
11:56,80,1
11:56,110,2
11:57,50,1
11:57,60,1
11:57,70,1
11:57,100,2
11:58,50,1
11:58,60,3
11:58,80,4
11:58,100,2
11:58,110,1
11:59,80,2
11:59,110,2
12:00,-9,19
12:00,20,1
12:00,40,2
12:00,50,45
12:00,60,153
12:00,70,21
12:00,75,2
12:00,80,99
12:00,90,11
12:00,100,340
12:00,110,58
12:00,130,1
12:01,60,1
12:01,70,1
12:01,100,1
12:01,110,1
12:01,130,1
12:02,60,5
12:02,100,3
12:02,110,1
12:03,50,1
12:03,60,1
12:03,80,2
12:03,100,3
12:04,60,1
12:04,70,1
12:04,80,2
12:04,100,3
12:04,110,2
12:05,-9,2
12:05,10,1
12:05,40,1
12:05,50,1
12:05,60,29
12:05,70,6
12:05,75,2
12:05,80,10
12:05,90,1
12:05,100,38
12:05,110,14
12:06,50,1
12:06,60,2
12:06,70,2
12:06,80,1
12:07,60,1
12:07,80,1
12:07,100,2
12:08,50,2
12:08,60,3
12:08,100,2
12:08,110,2
12:09,60,2
12:09,100,3
12:09,110,4
12:10,-9,1
12:10,50,4
12:10,60,29
12:10,70,2
12:10,80,13
12:10,100,51
12:10,110,21
12:11,60,3
12:11,80,1
12:11,100,2
12:11,110,2
12:12,50,1
12:12,60,1
12:12,70,1
12:12,80,1
12:12,90,1
12:12,110,3
12:12,130,2
12:13,60,1
12:13,75,1
12:13,100,3
12:13,110,1
12:14,-9,1
12:14,80,1
12:14,110,3
12:15,-9,4
12:15,50,11
12:15,60,30
12:15,70,9
12:15,80,14
12:15,90,3
12:15,100,67
12:15,110,22
12:15,130,1
12:16,40,1
12:16,80,2
12:16,100,1
12:17,20,1
12:17,50,1
12:17,60,1
12:17,70,1
12:17,80,1
12:18,60,1
12:18,80,3
12:18,90,1
12:18,100,1
12:18,110,2
12:19,70,1
12:19,80,2
12:19,100,4
12:20,-9,3
12:20,20,1
12:20,40,1
12:20,50,5
12:20,60,35
12:20,70,4
12:20,80,13
12:20,90,5
12:20,100,36
12:20,110,21
12:21,50,1
12:21,75,1
12:21,80,1
12:21,110,1
12:22,-9,1
12:22,60,1
12:22,80,1
12:22,90,1
12:22,100,2
12:23,60,2
12:23,80,1
12:23,100,2
12:24,50,1
12:24,60,1
12:24,80,1
12:24,100,3
12:24,110,3
12:25,50,1
12:25,60,24
12:25,70,5
12:25,80,9
12:25,90,6
12:25,100,32
12:25,110,6
12:26,50,1
12:26,60,2
12:26,100,2
12:26,110,3
12:27,-9,4
12:27,60,1
12:27,70,1
12:27,80,1
12:27,100,3
12:27,110,1
12:28,60,3
12:28,70,1
12:28,90,1
12:28,100,3
12:28,110,1
12:29,50,2
12:29,60,3
12:29,80,1
12:29,90,1
12:29,100,2
12:30,-9,12
12:30,20,1
12:30,50,12
12:30,60,59
12:30,70,9
12:30,75,2
12:30,80,32
12:30,90,6
12:30,100,77
12:30,110,51
12:30,130,2
12:31,50,2
12:31,80,1
12:32,60,3
12:32,90,1
12:32,100,2
12:32,110,2
12:33,50,1
12:33,70,1
12:33,80,2
12:33,100,1
12:33,110,1
12:34,50,1
12:34,60,3
12:34,100,2
12:34,110,1
12:35,50,1
12:35,60,21
12:35,70,9
12:35,80,10
12:35,90,3
12:35,100,29
12:35,110,15
12:36,60,1
12:36,80,1
12:36,100,1
12:36,110,4
12:37,100,9
12:37,110,2
12:38,50,1
12:38,60,3
12:38,80,1
12:38,100,2
12:39,10,1
12:39,50,1
12:39,60,5
12:39,70,2
12:39,75,1
12:39,80,2
12:39,100,4
12:40,-9,3
12:40,40,1
12:40,50,4
12:40,60,26
12:40,70,3
12:40,80,18
12:40,90,3
12:40,100,48
12:40,110,14
12:40,130,1
12:41,70,1
12:42,60,2
12:42,80,1
12:42,100,3
12:42,110,1
12:43,-9,1
12:43,60,4
12:43,80,1
12:43,100,1
12:43,110,1
12:44,-9,2
12:44,70,1
12:44,80,1
12:44,100,1
12:45,-9,4
12:45,50,10
12:45,60,33
12:45,70,6
12:45,80,25
12:45,90,1
12:45,100,44
12:45,110,23
12:46,60,1
12:46,90,1
12:46,100,2
12:46,110,2
12:47,80,1
12:47,100,1
12:48,50,1
12:48,60,2
12:48,80,3
12:48,100,2
12:48,110,1
12:49,60,2
12:49,100,2
12:50,-9,1
12:50,50,13
12:50,60,33
12:50,70,1
12:50,80,9
12:50,90,3
12:50,100,51
12:50,110,19
12:52,40,1
12:52,50,3
12:52,60,1
12:52,80,1
12:52,100,3
12:53,40,1
12:53,60,2
12:53,70,1
12:53,110,2
12:54,-9,1
12:54,50,1
12:54,70,1
12:54,75,1
12:54,80,1
12:54,100,2
12:54,110,1
12:55,50,8
12:55,60,20
12:55,70,6
12:55,75,1
12:55,80,11
12:55,90,4
12:55,100,25
12:55,110,17
12:56,50,1
12:56,60,2
12:56,70,1
12:56,80,1
12:56,90,1
12:57,50,1
12:57,60,2
12:57,70,2
12:57,80,1
12:57,100,2
12:57,110,5
12:58,50,2
12:58,60,3
12:58,100,2
12:59,50,1
12:59,60,1
12:59,80,1
12:59,100,2
12:59,110,1
13:00,-9,16
13:00,40,5
13:00,50,43
13:00,60,173
13:00,70,35
13:00,75,1
13:00,80,81
13:00,90,13
13:00,100,399
13:00,110,64
13:01,80,1
13:01,100,1
13:02,-9,1
13:02,50,2
13:02,60,2
13:02,70,2
13:02,80,2
13:02,100,3
13:02,110,5
13:02,130,1
13:03,60,1
13:03,80,3
13:03,90,1
13:03,100,3
13:03,110,1
13:04,50,1
13:04,60,4
13:04,80,2
13:04,100,2
13:05,-9,2
13:05,40,2
13:05,50,3
13:05,60,17
13:05,70,3
13:05,75,1
13:05,80,11
13:05,90,1
13:05,100,30
13:05,110,6
13:06,-9,2
13:06,80,1
13:06,110,1
13:07,50,2
13:07,60,1
13:07,80,2
13:07,100,5
13:07,110,3
13:08,60,1
13:08,110,2
13:09,60,2
13:09,80,2
13:09,100,4
13:09,110,2
13:10,-9,4
13:10,40,1
13:10,50,4
13:10,60,31
13:10,70,7
13:10,75,1
13:10,80,13
13:10,90,4
13:10,100,42
13:10,110,19
13:11,50,1
13:11,100,4
13:11,110,1
13:12,50,1
13:12,60,4
13:12,80,2
13:12,100,1
13:13,50,1
13:13,100,1
13:13,110,2
13:14,50,1
13:14,60,1
13:14,80,1
13:14,100,2
13:14,110,2
13:15,-9,5
13:15,50,9
13:15,60,35
13:15,70,6
13:15,80,19
13:15,90,3
13:15,100,70
13:15,110,21
13:15,130,1
13:16,70,1
13:17,15,1
13:17,60,3
13:17,70,3
13:18,50,1
13:18,60,3
13:18,70,1
13:18,80,3
13:18,100,1
13:19,60,2
13:19,80,2
13:19,110,1
13:20,-9,4
13:20,50,5
13:20,60,47
13:20,70,9
13:20,75,3
13:20,80,21
13:20,90,1
13:20,100,45
13:20,110,19
13:20,130,1
13:21,50,1
13:21,80,1
13:22,50,2
13:22,60,1
13:22,100,1
13:22,110,4
13:23,50,1
13:23,60,5
13:23,70,1
13:23,100,4
13:23,110,2
13:24,40,1
13:24,70,1
13:24,100,1
13:25,-9,2
13:25,40,1
13:25,50,4
13:25,60,25
13:25,70,2
13:25,75,1
13:25,80,8
13:25,90,2
13:25,100,34
13:25,110,8
13:26,40,1
13:26,60,1
13:26,80,1
13:26,100,3
13:26,110,2
13:27,60,1
13:27,100,2
13:27,110,1
13:28,-9,1
13:28,50,1
13:28,60,3
13:28,80,1
13:28,100,9
13:28,110,3
13:29,50,2
13:29,60,2
13:29,70,2
13:29,80,1
13:29,100,5
13:29,110,2
13:30,-9,7
13:30,40,1
13:30,50,8
13:30,60,66
13:30,70,5
13:30,80,31
13:30,90,9
13:30,100,138
13:30,110,55
13:30,Unspecified,2
13:31,50,1
13:31,80,3
13:31,100,2
13:31,110,1
13:32,-9,1
13:32,40,1
13:32,50,1
13:32,60,3
13:32,70,2
13:32,100,2
13:33,50,1
13:33,80,2
13:33,100,1
13:34,60,2
13:34,70,2
13:34,80,2
13:34,100,1
13:34,110,1
13:35,-9,1
13:35,50,5
13:35,60,19
13:35,70,8
13:35,80,12
13:35,90,2
13:35,100,30
13:35,110,10
13:36,60,1
13:36,70,1
13:36,100,1
13:37,50,2
13:37,60,2
13:37,70,1
13:37,80,4
13:37,100,2
13:37,110,2
13:38,50,2
13:38,60,1
13:38,70,1
13:38,100,3
13:39,60,1
13:39,80,1
13:39,100,11
13:40,-9,5
13:40,40,3
13:40,50,5
13:40,60,26
13:40,70,7
13:40,80,16
13:40,90,4
13:40,100,55
13:40,110,16
13:41,60,1
13:41,100,3
13:41,110,2
13:42,50,1
13:42,60,2
13:42,100,1
13:43,40,1
13:43,50,1
13:43,60,1
13:43,80,3
13:44,50,1
13:44,60,1
13:44,80,1
13:44,90,2
13:45,-9,5
13:45,50,7
13:45,60,24
13:45,70,5
13:45,75,1
13:45,80,25
13:45,90,3
13:45,100,45
13:45,110,31
13:46,100,2
13:46,110,1
13:47,60,3
13:47,80,3
13:47,100,1
13:48,60,2
13:48,100,5
13:48,110,1
13:49,90,1
13:49,100,6
13:49,110,3
13:50,-9,2
13:50,40,2
13:50,50,5
13:50,60,33
13:50,70,6
13:50,75,1
13:50,80,14
13:50,90,9
13:50,100,62
13:50,110,26
13:51,60,1
13:51,100,4
13:52,60,3
13:52,90,1
13:52,100,1
13:52,110,1
13:53,50,1
13:53,60,2
13:53,100,2
13:53,110,1
13:54,50,2
13:54,70,1
13:54,80,2
13:54,100,2
13:55,-9,4
13:55,50,3
13:55,60,19
13:55,70,2
13:55,75,3
13:55,80,11
13:55,90,6
13:55,100,28
13:55,110,14
13:56,60,1
13:56,80,1
13:56,100,3
13:56,110,2
13:57,60,2
13:57,80,2
13:57,100,3
13:58,80,2
13:58,100,1
13:58,110,1
13:59,80,1
13:59,90,2
13:59,100,2
14:00,-9,10
14:00,40,8
14:00,50,38
14:00,60,198
14:00,70,46
14:00,75,5
14:00,80,102
14:00,90,16
14:00,100,462
14:00,110,90
14:01,50,1
14:01,60,3
14:02,50,1
14:02,60,1
14:02,100,1
14:03,50,1
14:03,60,2
14:03,80,2
14:03,100,2
14:03,110,2
14:04,60,1
14:04,80,1
14:04,100,2
14:05,-9,1
14:05,50,6
14:05,60,12
14:05,70,1
14:05,80,6
14:05,100,28
14:05,110,13
14:06,50,1
14:06,60,2
14:06,100,2
14:07,60,3
14:07,80,3
14:07,90,1
14:07,100,1
14:07,110,1
14:08,60,8
14:08,80,2
14:08,100,3
14:08,110,3
14:09,50,2
14:09,80,2
14:09,100,1
14:09,110,3
14:10,-9,4
14:10,30,1
14:10,40,1
14:10,50,3
14:10,60,27
14:10,70,4
14:10,80,16
14:10,90,5
14:10,100,58
14:10,110,14
14:11,80,1
14:11,100,3
14:11,110,2
14:12,70,1
14:12,90,2
14:12,100,2
14:13,60,2
14:13,70,1
14:13,80,1
14:13,100,1
14:14,60,1
14:14,80,1
14:14,100,1
14:14,110,1
14:15,-9,4
14:15,10,1
14:15,40,1
14:15,50,9
14:15,60,32
14:15,70,7
14:15,80,30
14:15,90,3
14:15,100,90
14:15,110,23
14:15,130,1
14:16,60,2
14:16,80,1
14:16,100,2
14:17,60,2
14:17,70,1
14:17,80,1
14:17,100,2
14:18,50,2
14:18,60,1
14:18,70,1
14:18,100,4
14:19,50,2
14:19,60,1
14:19,100,3
14:19,110,2
14:20,-9,1
14:20,40,2
14:20,50,12
14:20,60,35
14:20,70,6
14:20,75,2
14:20,80,15
14:20,90,2
14:20,100,55
14:20,110,14
14:21,50,1
14:21,60,1
14:21,70,1
14:21,100,2
14:22,60,2
14:22,70,1
14:22,100,2
14:22,110,1
14:23,60,3
14:23,80,1
14:23,100,1
14:23,110,1
14:24,60,1
14:24,70,1
14:24,80,2
14:24,100,3
14:24,110,1
14:25,-9,1
14:25,50,4
14:25,60,20
14:25,70,10
14:25,80,11
14:25,90,3
14:25,100,33
14:25,110,7
14:26,60,2
14:26,70,3
14:27,50,1
14:27,60,1
14:27,100,3
14:27,110,1
14:28,-9,1
14:28,50,1
14:28,60,1
14:28,70,1
14:28,80,2
14:28,100,13
14:28,110,1
14:29,50,2
14:29,60,2
14:29,70,1
14:29,80,1
14:29,100,3
14:29,110,2
14:30,-9,15
14:30,40,1
14:30,50,22
14:30,60,49
14:30,70,15
14:30,75,1
14:30,80,31
14:30,90,10
14:30,100,127
14:30,110,60
14:31,-9,1
14:31,80,1
14:31,100,2
14:32,60,4
14:32,70,2
14:32,80,2
14:32,100,2
14:32,110,3
14:33,50,1
14:33,60,3
14:33,80,2
14:33,100,7
14:33,110,2
14:34,60,1
14:34,70,1
14:34,80,2
14:34,100,1
14:35,-9,1
14:35,40,1
14:35,50,5
14:35,60,19
14:35,70,8
14:35,80,14
14:35,100,25
14:35,110,14
14:36,60,4
14:36,70,3
14:36,80,1
14:36,100,2
14:36,110,2
14:37,60,1
14:37,100,5
14:38,50,3
14:38,60,2
14:38,70,2
14:38,80,2
14:38,90,1
14:38,100,6
14:38,110,4
14:39,80,1
14:39,100,3
14:39,130,1
14:40,-9,5
14:40,40,2
14:40,50,10
14:40,60,23
14:40,70,6
14:40,80,20
14:40,100,61
14:40,110,28
14:41,60,4
14:42,60,2
14:42,100,2
14:42,110,1
14:43,60,1
14:43,70,1
14:43,80,2
14:43,90,1
14:43,100,3
14:43,110,2
14:44,-9,1
14:44,50,1
14:44,60,4
14:44,90,1
14:44,100,1
14:44,110,1
14:45,-9,4
14:45,50,6
14:45,60,46
14:45,70,8
14:45,80,20
14:45,90,6
14:45,100,71
14:45,110,45
14:45,130,1
14:46,40,1
14:46,80,2
14:46,100,4
14:46,110,4
14:47,50,1
14:47,60,1
14:47,80,1
14:47,100,2
14:48,-9,2
14:48,60,2
14:48,70,2
14:48,80,1
14:48,90,2
14:48,100,3
14:48,110,1
14:49,50,1
14:49,70,2
14:49,80,2
14:49,100,2
14:50,-9,5
14:50,40,1
14:50,50,9
14:50,60,44
14:50,70,10
14:50,80,16
14:50,90,2
14:50,100,69
14:50,110,24
14:51,60,1
14:51,80,1
14:52,50,1
14:52,60,1
14:52,80,4
14:52,100,2
14:52,110,3
14:53,40,1
14:53,50,1
14:53,60,3
14:53,70,1
14:53,100,2
14:53,110,3
14:54,60,4
14:54,80,1
14:54,100,4
14:54,110,1
14:55,-9,1
14:55,50,1
14:55,60,24
14:55,70,4
14:55,80,8
14:55,90,3
14:55,100,41
14:55,110,12
14:56,60,3
14:56,80,3
14:56,110,1
14:57,50,2
14:57,60,2
14:57,80,1
14:57,100,1
14:57,110,4
14:58,50,2
14:58,60,6
14:58,70,2
14:58,80,1
14:58,100,9
14:58,110,1
14:59,-9,1
14:59,50,1
14:59,60,2
14:59,80,1
14:59,100,2
14:59,110,1
15:00,-9,19
15:00,40,13
15:00,50,55
15:00,60,266
15:00,70,35
15:00,75,4
15:00,80,148
15:00,90,18
15:00,100,532
15:00,110,99
15:00,130,3
15:01,60,2
15:01,100,2
15:02,50,2
15:02,60,2
15:02,80,1
15:02,100,4
15:02,110,2
15:03,60,3
15:03,70,1
15:03,80,2
15:03,100,7
15:03,110,1
15:04,50,2
15:04,60,5
15:04,90,1
15:04,110,1
15:05,-9,2
15:05,30,1
15:05,40,2
15:05,50,9
15:05,60,20
15:05,70,3
15:05,75,3
15:05,80,9
15:05,90,2
15:05,100,34
15:05,110,10
15:05,130,2
15:06,50,1
15:06,60,1
15:06,80,2
15:07,10,1
15:07,60,1
15:07,90,1
15:07,100,2
15:08,40,1
15:08,60,3
15:08,90,1
15:08,100,6
15:08,110,2
15:09,50,1
15:09,60,1
15:09,80,3
15:09,100,7
15:09,110,1
15:09,130,1
15:10,-9,7
15:10,40,2
15:10,50,12
15:10,60,55
15:10,70,11
15:10,75,3
15:10,80,18
15:10,90,2
15:10,100,80
15:10,110,12
15:10,130,1
15:11,-9,1
15:11,50,2
15:11,60,1
15:11,70,1
15:11,100,1
15:11,110,5
15:12,50,1
15:12,60,3
15:12,80,3
15:12,100,3
15:13,-9,1
15:13,60,4
15:13,70,1
15:13,80,3
15:14,60,1
15:14,80,3
15:14,100,3
15:14,110,1
15:14,130,1
15:15,-9,9
15:15,40,2
15:15,50,10
15:15,60,44
15:15,70,17
15:15,75,2
15:15,80,18
15:15,90,11
15:15,100,63
15:15,110,27
15:16,50,1
15:16,60,2
15:16,70,1
15:16,100,2
15:17,60,2
15:17,75,1
15:17,90,2
15:17,100,1
15:17,110,5
15:18,50,2
15:18,60,3
15:18,90,2
15:18,100,5
15:18,110,4
15:19,60,1
15:19,80,1
15:19,110,2
15:20,-9,3
15:20,40,2
15:20,50,10
15:20,60,46
15:20,70,9
15:20,75,2
15:20,80,25
15:20,90,2
15:20,100,63
15:20,110,29
15:21,70,1
15:21,80,1
15:21,100,2
15:22,70,1
15:22,80,1
15:22,100,6
15:23,60,3
15:23,70,1
15:23,80,1
15:23,90,2
15:23,100,3
15:23,110,1
15:24,60,1
15:24,70,1
15:24,80,2
15:24,90,1
15:24,100,2
15:24,110,2
15:25,-9,2
15:25,40,1
15:25,50,10
15:25,60,31
15:25,70,6
15:25,80,11
15:25,90,3
15:25,100,37
15:25,110,18
15:26,60,3
15:26,100,2
15:27,-9,2
15:27,60,2
15:27,75,1
15:27,80,1
15:27,100,1
15:28,50,1
15:28,60,4
15:28,70,1
15:28,80,3
15:28,90,2
15:28,100,1
15:28,110,1
15:29,40,1
15:29,60,1
15:29,70,1
15:29,80,1
15:29,100,5
15:29,110,2
15:30,-9,27
15:30,40,3
15:30,50,17
15:30,60,71
15:30,70,12
15:30,80,31
15:30,90,8
15:30,100,146
15:30,110,55
15:30,130,1
15:31,50,1
15:31,60,1
15:31,70,1
15:31,80,1
15:31,90,2
15:31,110,1
15:32,50,1
15:32,60,2
15:32,70,1
15:32,80,3
15:32,100,2
15:32,110,1
15:33,60,1
15:33,70,2
15:33,80,2
15:33,100,3
15:33,110,2
15:34,60,3
15:34,70,1
15:34,80,1
15:34,110,1
15:35,-9,2
15:35,50,9
15:35,60,44
15:35,70,5
15:35,80,14
15:35,90,1
15:35,100,27
15:35,110,14
15:36,40,1
15:36,50,1
15:36,60,5
15:36,70,1
15:36,90,1
15:36,100,1
15:37,60,4
15:37,70,2
15:37,80,2
15:37,90,2
15:37,100,3
15:37,110,2
15:38,40,1
15:38,50,1
15:38,60,1
15:38,70,1
15:38,80,2
15:38,100,3
15:39,60,2
15:39,100,1
15:39,110,2
15:40,-9,3
15:40,40,3
15:40,50,8
15:40,60,49
15:40,70,2
15:40,75,1
15:40,80,22
15:40,90,7
15:40,100,62
15:40,110,31
15:40,130,2
15:41,60,1
15:41,80,1
15:41,100,1
15:41,110,1
15:42,60,5
15:42,70,1
15:42,100,4
15:42,110,1
15:43,50,1
15:43,60,1
15:43,70,2
15:43,100,3
15:43,110,3
15:43,130,2
15:44,50,1
15:44,60,3
15:44,70,1
15:44,100,1
15:45,-9,6
15:45,40,1
15:45,50,12
15:45,60,53
15:45,70,9
15:45,75,2
15:45,80,26
15:45,100,79
15:45,110,43
15:46,60,2
15:46,80,1
15:46,100,3
15:47,40,1
15:47,50,2
15:47,60,3
15:47,70,1
15:47,100,2
15:47,110,2
15:47,130,5
15:48,50,2
15:48,60,2
15:48,75,2
15:48,80,2
15:48,100,4
15:48,110,1
15:49,40,1
15:49,60,3
15:49,80,1
15:49,100,3
15:49,110,1
15:50,-9,5
15:50,40,1
15:50,50,10
15:50,60,51
15:50,70,15
15:50,75,2
15:50,80,24
15:50,90,6
15:50,100,66
15:50,110,32
15:51,50,1
15:51,80,2
15:51,100,3
15:51,110,1
15:52,100,4
15:52,110,2
15:53,50,2
15:53,60,5
15:53,70,2
15:53,80,2
15:53,100,3
15:53,110,1
15:54,-9,1
15:54,50,1
15:54,80,3
15:54,100,1
15:55,-9,3
15:55,40,2
15:55,50,7
15:55,60,27
15:55,70,4
15:55,80,21
15:55,90,1
15:55,100,51
15:55,110,12
15:56,60,3
15:56,80,4
15:56,90,1
15:56,100,2
15:56,110,2
15:57,50,2
15:57,60,2
15:57,70,2
15:57,80,1
15:57,100,1
15:57,110,1
15:58,50,2
15:58,60,2
15:58,70,4
15:58,80,1
15:58,100,3
15:58,110,4
15:59,50,1
15:59,60,1
15:59,70,1
15:59,80,1
15:59,100,2
16:00,-9,24
16:00,5,1
16:00,20,2
16:00,40,10
16:00,50,55
16:00,60,272
16:00,70,49
16:00,75,1
16:00,80,119
16:00,90,13
16:00,100,474
16:00,110,78
16:00,130,1
16:01,100,1
16:01,110,1
16:02,-9,1
16:02,40,1
16:02,50,2
16:02,70,2
16:02,100,3
16:03,-9,1
16:03,70,2
16:03,80,1
16:03,100,2
16:04,60,2
16:04,70,2
16:04,80,3
16:04,90,1
16:04,100,3
16:05,-9,4
16:05,40,1
16:05,50,6
16:05,60,26
16:05,70,3
16:05,75,1
16:05,80,13
16:05,90,2
16:05,100,39
16:05,110,14
16:06,40,1
16:06,50,1
16:06,60,2
16:06,70,1
16:06,80,2
16:06,100,2
16:06,110,1
16:07,50,1
16:07,60,3
16:07,70,1
16:07,100,8
16:07,110,1
16:08,60,2
16:08,90,1
16:08,100,7
16:08,110,1
16:09,-9,1
16:09,60,3
16:09,70,1
16:09,80,1
16:09,100,3
16:09,110,2
16:10,-9,3
16:10,50,7
16:10,60,47
16:10,70,10
16:10,75,2
16:10,80,19
16:10,90,4
16:10,100,74
16:10,110,10
16:11,50,2
16:11,80,1
16:11,100,2
16:11,110,4
16:12,50,2
16:12,60,5
16:12,80,2
16:12,100,4
16:12,110,1
16:13,50,1
16:13,60,4
16:13,80,4
16:13,100,3
16:14,-9,1
16:14,50,1
16:14,60,2
16:14,70,1
16:14,80,2
16:14,90,2
16:14,100,3
16:15,-9,8
16:15,50,8
16:15,60,35
16:15,70,9
16:15,75,1
16:15,80,28
16:15,90,4
16:15,100,70
16:15,110,27
16:16,50,4
16:16,60,4
16:16,75,1
16:16,80,1
16:16,100,4
16:17,60,2
16:17,70,1
16:17,80,2
16:17,110,1
16:18,50,2
16:18,60,3
16:18,100,9
16:19,50,1
16:19,60,1
16:19,80,2
16:19,100,3
16:19,110,1
16:20,-9,5
16:20,50,11
16:20,60,45
16:20,70,11
16:20,75,2
16:20,80,20
16:20,90,3
16:20,100,59
16:20,110,17
16:20,130,1
16:21,50,2
16:21,60,1
16:21,80,3
16:21,110,1
16:22,50,3
16:22,80,3
16:22,100,3
16:22,110,1
16:23,-9,2
16:23,60,1
16:23,110,3
16:24,50,1
16:24,60,2
16:24,100,3
16:24,110,1
16:25,50,12
16:25,60,21
16:25,70,5
16:25,80,14
16:25,100,39
16:25,110,14
16:25,130,2
16:26,70,2
16:27,-9,2
16:27,50,2
16:27,60,1
16:27,100,2
16:28,-9,1
16:28,50,2
16:28,60,1
16:28,70,2
16:28,100,4
16:28,110,1
16:29,50,1
16:29,60,2
16:29,80,1
16:29,100,4
16:30,-9,24
16:30,50,26
16:30,60,73
16:30,70,14
16:30,75,1
16:30,80,23
16:30,90,13
16:30,100,124
16:30,110,61
16:31,50,1
16:32,75,1
16:32,100,2
16:33,50,1
16:33,60,3
16:33,70,1
16:34,-9,1
16:34,60,3
16:34,80,1
16:34,90,1
16:34,100,1
16:34,110,2
16:35,-9,1
16:35,40,1
16:35,50,2
16:35,60,23
16:35,70,3
16:35,75,1
16:35,80,14
16:35,90,2
16:35,100,40
16:35,110,10
16:36,50,1
16:36,60,2
16:36,100,2
16:37,60,1
16:37,70,2
16:37,80,2
16:37,90,1
16:37,100,2
16:37,110,5
16:38,50,1
16:38,60,1
16:38,70,1
16:38,80,2
16:38,90,5
16:38,100,2
16:38,110,2
16:39,60,1
16:39,80,1
16:39,100,2
16:39,110,2
16:40,-9,5
16:40,40,2
16:40,50,19
16:40,60,57
16:40,70,6
16:40,75,1
16:40,80,23
16:40,90,1
16:40,100,69
16:40,110,22
16:41,50,5
16:41,60,2
16:41,80,1
16:41,100,1
16:41,110,1
16:42,60,1
16:42,80,3
16:42,100,5
16:42,110,1
16:43,70,4
16:43,90,2
16:43,100,11
16:44,-9,1
16:44,60,1
16:44,100,4
16:44,110,3
16:45,-9,6
16:45,40,1
16:45,50,9
16:45,60,47
16:45,70,6
16:45,75,2
16:45,80,14
16:45,90,3
16:45,100,85
16:45,110,31
16:45,130,1
16:46,50,1
16:46,70,1
16:46,80,2
16:46,100,3
16:47,-9,2
16:47,50,1
16:47,60,3
16:47,70,1
16:47,80,1
16:47,100,3
16:48,40,1
16:48,50,1
16:48,60,2
16:48,70,1
16:48,80,3
16:48,90,1
16:48,100,1
16:48,110,3
16:49,-9,1
16:49,60,3
16:49,100,1
16:49,110,1
16:50,-9,10
16:50,40,2
16:50,50,10
16:50,60,52
16:50,70,5
16:50,75,1
16:50,80,25
16:50,90,2
16:50,100,62
16:50,110,19
16:51,60,2
16:51,80,2
16:51,100,1
16:51,110,2
16:52,60,4
16:52,70,1
16:52,80,1
16:52,100,2
16:53,50,2
16:53,60,3
16:53,100,6
16:53,110,3
16:54,50,2
16:54,60,1
16:54,70,2
16:54,100,1
16:54,110,1
16:55,-9,3
16:55,50,9
16:55,60,29
16:55,70,4
16:55,80,12
16:55,100,37
16:55,110,7
16:56,40,1
16:56,80,2
16:57,50,1
16:57,60,1
16:57,70,1
16:57,80,2
16:57,90,2
16:57,100,4
16:58,50,1
16:58,60,5
16:58,70,1
16:58,80,1
16:58,100,1
16:58,110,3
16:59,50,3
16:59,80,1
16:59,100,1
17:00,-9,26
17:00,5,1
17:00,20,1
17:00,40,10
17:00,50,40
17:00,60,292
17:00,70,61
17:00,75,1
17:00,80,108
17:00,90,13
17:00,100,390
17:00,110,62
17:00,130,4
17:01,60,1
17:01,80,1
17:01,100,1
17:01,110,2
17:02,60,5
17:02,80,3
17:02,100,1
17:03,-9,1
17:03,60,3
17:03,80,1
17:03,90,1
17:04,60,1
17:04,80,2
17:04,90,2
17:04,100,2
17:04,110,1
17:05,-9,1
17:05,50,10
17:05,60,28
17:05,70,5
17:05,80,14
17:05,90,1
17:05,100,34
17:05,110,6
17:05,130,1
17:06,50,1
17:06,60,1
17:06,70,2
17:06,80,2
17:06,100,6
17:06,110,2
17:07,50,2
17:07,60,2
17:07,70,1
17:07,80,1
17:07,100,1
17:07,110,1
17:08,60,5
17:08,70,1
17:08,80,6
17:08,90,1
17:08,100,1
17:08,110,1
17:09,50,2
17:09,70,3
17:09,100,3
17:09,110,1
17:10,-9,4
17:10,50,14
17:10,60,42
17:10,70,6
17:10,80,11
17:10,90,9
17:10,100,54
17:10,110,22
17:11,50,3
17:11,70,2
17:11,80,2
17:11,110,1
17:12,40,1
17:12,70,1
17:12,80,1
17:12,100,2
17:12,110,1
17:13,50,2
17:13,60,2
17:13,80,1
17:13,100,7
17:14,60,1
17:14,70,1
17:14,100,4
17:15,-9,9
17:15,50,17
17:15,60,51
17:15,70,11
17:15,75,2
17:15,80,16
17:15,90,7
17:15,100,60
17:15,110,31
17:16,60,3
17:17,60,3
17:17,70,1
17:17,80,2
17:17,100,2
17:17,110,3
17:18,50,1
17:18,60,1
17:18,80,1
17:18,100,1
17:19,50,2
17:19,60,1
17:19,90,1
17:19,110,2
17:20,-9,4
17:20,40,1
17:20,50,17
17:20,60,49
17:20,70,10
17:20,80,12
17:20,90,3
17:20,100,65
17:20,110,20
17:21,40,1
17:21,80,3
17:21,110,1
17:22,50,2
17:22,80,3
17:22,100,2
17:23,50,2
17:23,60,5
17:23,90,1
17:23,100,3
17:24,50,1
17:24,60,1
17:24,70,1
17:24,80,2
17:24,100,6
17:25,50,6
17:25,60,29
17:25,70,5
17:25,80,13
17:25,90,4
17:25,100,32
17:25,110,14
17:26,50,1
17:26,80,2
17:26,110,3
17:27,60,1
17:27,70,1
17:27,80,1
17:27,90,1
17:27,100,2
17:28,-9,1
17:28,60,2
17:28,100,9
17:29,30,1
17:29,70,1
17:29,80,3
17:29,100,3
17:29,110,3
17:30,-9,15
17:30,40,1
17:30,50,15
17:30,60,92
17:30,70,15
17:30,75,4
17:30,80,33
17:30,90,9
17:30,100,118
17:30,110,50
17:30,130,1
17:30,<40,15
17:31,50,1
17:31,70,1
17:32,60,3
17:32,80,2
17:32,90,1
17:32,100,2
17:32,110,1
17:33,60,4
17:33,70,2
17:33,80,1
17:34,50,1
17:34,60,3
17:34,80,3
17:34,90,1
17:34,100,1
17:34,110,3
17:35,50,9
17:35,60,34
17:35,70,3
17:35,80,18
17:35,90,1
17:35,100,30
17:35,110,9
17:36,40,1
17:36,60,3
17:36,80,1
17:36,100,2
17:37,-9,1
17:37,60,1
17:37,70,1
17:37,90,1
17:37,100,3
17:37,110,2
17:38,50,1
17:38,60,6
17:38,80,2
17:38,100,2
17:38,110,1
17:39,50,1
17:39,60,1
17:39,80,1
17:39,100,2
17:39,110,1
17:40,-9,5
17:40,40,1
17:40,50,11
17:40,60,67
17:40,70,7
17:40,75,2
17:40,80,24
17:40,90,4
17:40,100,35
17:40,110,18
17:41,50,2
17:41,60,1
17:41,80,1
17:41,110,2
17:42,60,4
17:42,80,4
17:42,110,2
17:43,60,2
17:43,80,1
17:43,100,3
17:43,110,1
17:44,50,4
17:44,60,2
17:44,70,1
17:44,80,2
17:44,100,1
17:44,110,2
17:45,-9,7
17:45,40,1
17:45,50,12
17:45,60,56
17:45,70,9
17:45,75,1
17:45,80,15
17:45,90,5
17:45,100,96
17:45,110,25
17:45,130,1
17:45,<40,7
17:46,40,1
17:46,50,3
17:46,60,3
17:46,70,1
17:46,80,1
17:46,100,3
17:46,110,1
17:47,-9,1
17:47,60,3
17:47,70,1
17:47,100,5
17:48,-9,1
17:48,50,1
17:48,60,2
17:48,70,1
17:48,80,1
17:48,90,1
17:48,100,3
17:49,50,3
17:49,60,2
17:49,70,1
17:49,80,1
17:49,100,2
17:49,110,1
17:50,-9,3
17:50,40,3
17:50,50,7
17:50,60,71
17:50,70,4
17:50,80,12
17:50,90,4
17:50,100,51
17:50,110,17
17:51,60,1
17:51,100,1
17:51,110,3
17:52,60,3
17:52,100,2
17:53,60,2
17:53,70,1
17:53,100,1
17:53,110,1
17:54,50,1
17:54,60,2
17:54,80,2
17:54,90,1
17:54,100,1
17:54,110,2
17:55,-9,1
17:55,20,1
17:55,50,3
17:55,60,42
17:55,70,4
17:55,80,8
17:55,90,1
17:55,100,40
17:55,110,17
17:55,130,1
17:56,60,1
17:56,90,1
17:56,100,2
17:57,60,4
17:57,70,1
17:57,90,1
17:57,100,1
17:57,110,2
17:58,50,1
17:58,60,1
17:58,80,3
17:58,100,6
17:59,60,2
17:59,100,2
18:00,-9,28
18:00,10,1
18:00,30,1
18:00,40,8
18:00,50,46
18:00,60,292
18:00,70,44
18:00,75,2
18:00,80,126
18:00,90,12
18:00,100,407
18:00,110,62
18:00,130,2
18:01,60,1
18:01,100,1
18:02,50,3
18:02,60,1
18:02,100,4
18:03,60,2
18:03,70,1
18:03,80,2
18:03,100,2
18:04,80,1
18:04,100,3
18:05,-9,4
18:05,40,1
18:05,50,5
18:05,60,26
18:05,70,3
18:05,75,1
18:05,80,12
18:05,100,29
18:05,110,7
18:06,60,3
18:06,70,1
18:06,80,1
18:06,90,1
18:06,100,3
18:07,60,1
18:07,90,1
18:07,100,1
18:08,60,2
18:08,100,1
18:08,110,1
18:09,50,1
18:09,60,1
18:09,100,2
18:09,110,1
18:10,-9,2
18:10,40,3
18:10,50,17
18:10,60,39
18:10,70,7
18:10,80,17
18:10,90,2
18:10,100,39
18:10,110,13
18:11,60,2
18:11,80,1
18:12,50,1
18:12,60,5
18:12,70,1
18:12,100,4
18:12,110,2
18:13,-9,1
18:13,60,3
18:13,80,2
18:13,90,1
18:13,100,2
18:13,110,1
18:14,60,3
18:14,70,2
18:14,75,1
18:14,80,2
18:14,100,1
18:15,-9,10
18:15,40,2
18:15,50,12
18:15,60,64
18:15,70,9
18:15,80,23
18:15,90,4
18:15,100,72
18:15,110,25
18:16,50,1
18:16,60,1
18:16,70,2
18:16,80,1
18:16,100,1
18:17,50,2
18:17,60,2
18:17,70,1
18:17,90,1
18:17,100,3
18:17,110,1
18:18,60,1
18:18,70,1
18:18,90,1
18:18,100,8
18:18,110,1
18:19,50,1
18:19,60,1
18:19,80,2
18:19,100,2
18:20,-9,2
18:20,30,1
18:20,50,7
18:20,60,51
18:20,70,9
18:20,75,1
18:20,80,31
18:20,90,2
18:20,100,48
18:20,110,20
18:21,40,1
18:21,50,1
18:21,100,1
18:22,50,1
18:22,90,1
18:22,100,1
18:23,50,1
18:23,60,2
18:23,100,1
18:23,110,1
18:24,60,2
18:24,80,1
18:24,100,2
18:24,130,1
18:25,-9,1
18:25,50,7
18:25,60,28
18:25,70,3
18:25,75,1
18:25,80,12
18:25,90,4
18:25,100,28
18:25,110,15
18:26,50,3
18:26,60,4
18:26,70,1
18:26,100,3
18:26,110,2
18:27,40,1
18:27,60,2
18:27,80,1
18:27,100,1
18:27,110,1
18:28,-9,1
18:28,60,4
18:28,90,1
18:28,100,3
18:29,50,1
18:29,60,2
18:29,70,1
18:29,80,1
18:29,100,1
18:30,-9,28
18:30,50,15
18:30,60,81
18:30,70,10
18:30,75,1
18:30,80,35
18:30,90,4
18:30,100,93
18:30,110,45
18:30,130,5
18:31,80,1
18:31,100,1
18:32,30,1
18:32,50,1
18:32,60,4
18:32,70,2
18:32,90,1
18:32,100,2
18:32,110,1
18:33,60,2
18:33,80,2
18:33,100,2
18:33,110,2
18:34,50,1
18:34,60,2
18:34,70,2
18:34,80,2
18:34,100,1
18:34,110,2
18:35,-9,2
18:35,50,8
18:35,60,44
18:35,70,9
18:35,80,13
18:35,90,3
18:35,100,30
18:35,110,15
18:36,50,2
18:36,60,2
18:36,100,2
18:36,110,1
18:37,60,1
18:37,70,2
18:37,90,1
18:37,100,3
18:38,100,5
18:39,-9,1
18:39,50,1
18:39,60,2
18:39,80,2
18:39,90,1
18:39,100,1
18:39,110,1
18:40,-9,4
18:40,50,8
18:40,60,46
18:40,70,10
18:40,75,1
18:40,80,5
18:40,90,5
18:40,100,60
18:40,110,12
18:41,50,1
18:41,60,1
18:41,70,1
18:42,60,1
18:42,100,4
18:43,50,1
18:43,60,7
18:43,80,1
18:43,110,1
18:44,-9,1
18:44,60,2
18:44,70,4
18:44,80,1
18:44,100,6
18:44,110,3
18:45,-9,5
18:45,40,1
18:45,50,8
18:45,60,55
18:45,70,3
18:45,75,1
18:45,80,13
18:45,90,5
18:45,100,67
18:45,110,31
18:46,-9,2
18:46,60,2
18:46,100,2
18:47,60,1
18:47,70,2
18:47,80,1
18:47,100,2
18:47,110,2
18:48,50,1
18:48,60,3
18:48,80,2
18:48,100,3
18:48,110,2
18:49,60,5
18:49,70,2
18:49,80,1
18:49,100,3
18:50,-9,2
18:50,50,12
18:50,60,57
18:50,70,5
18:50,75,3
18:50,80,15
18:50,90,3
18:50,100,43
18:50,110,8
18:51,60,1
18:51,100,1
18:51,110,1
18:52,50,1
18:52,60,1
18:52,70,1
18:52,100,2
18:53,60,3
18:53,80,1
18:53,100,1
18:54,50,1
18:54,60,1
18:55,40,1
18:55,50,9
18:55,60,32
18:55,70,11
18:55,75,2
18:55,80,11
18:55,90,2
18:55,100,31
18:55,110,12
18:56,50,1
18:56,60,2
18:56,80,3
18:56,90,2
18:56,110,1
18:57,60,5
18:57,80,2
18:57,100,2
18:57,110,1
18:58,40,1
18:58,50,2
18:58,60,3
18:58,80,1
18:58,100,3
18:59,40,1
18:59,60,2
18:59,110,1
19:00,-9,19
19:00,40,4
19:00,50,38
19:00,60,254
19:00,70,34
19:00,75,1
19:00,80,93
19:00,90,9
19:00,100,344
19:00,110,62
19:00,130,1
19:01,50,1
19:01,60,2
19:01,80,1
19:01,90,3
19:01,110,1
19:02,60,2
19:02,110,1
19:03,60,2
19:03,80,3
19:03,90,1
19:03,100,1
19:04,60,4
19:04,90,1
19:04,100,1
19:04,110,1
19:05,50,10
19:05,60,29
19:05,70,4
19:05,80,14
19:05,90,2
19:05,100,22
19:05,110,5
19:06,50,1
19:06,60,2
19:06,80,3
19:06,100,1
19:07,60,1
19:07,80,1
19:07,90,1
19:07,100,1
19:07,110,2
19:08,50,2
19:08,60,3
19:08,80,2
19:08,100,2
19:08,110,1
19:09,50,2
19:09,80,1
19:09,100,3
19:09,110,1
19:09,130,1
19:10,-9,4
19:10,40,1
19:10,50,11
19:10,60,43
19:10,70,5
19:10,75,2
19:10,80,18
19:10,90,3
19:10,100,28
19:10,110,14
19:11,60,4
19:11,110,4
19:12,50,1
19:12,60,4
19:12,80,4
19:12,90,1
19:12,100,4
19:13,50,1
19:13,70,1
19:13,80,2
19:13,90,1
19:13,100,1
19:14,50,2
19:14,60,3
19:14,80,1
19:14,100,7
19:14,110,2
19:15,-9,7
19:15,40,1
19:15,50,5
19:15,60,50
19:15,70,8
19:15,75,2
19:15,80,16
19:15,90,1
19:15,100,46
19:15,110,18
19:15,130,1
19:16,60,1
19:16,80,1
19:16,90,1
19:16,100,3
19:17,50,2
19:17,70,1
19:17,90,2
19:17,100,2
19:18,40,1
19:18,60,3
19:18,80,1
19:18,100,2
19:18,110,2
19:19,60,3
19:19,70,2
19:19,90,1
19:19,110,3
19:20,-9,4
19:20,40,1
19:20,50,8
19:20,60,41
19:20,70,12
19:20,75,1
19:20,80,17
19:20,90,2
19:20,100,38
19:20,110,17
19:21,60,4
19:21,70,1
19:21,110,1
19:22,50,1
19:22,60,2
19:22,70,1
19:22,80,1
19:22,100,3
19:22,110,2
19:23,60,4
19:23,80,4
19:23,100,1
19:24,60,4
19:24,70,1
19:24,100,1
19:24,110,1
19:25,-9,1
19:25,50,3
19:25,60,35
19:25,70,8
19:25,80,4
19:25,90,5
19:25,100,26
19:25,110,9
19:26,50,1
19:26,60,3
19:26,70,1
19:26,90,1
19:26,100,1
19:27,40,1
19:27,60,1
19:27,110,1
19:28,50,1
19:28,60,4
19:28,70,1
19:28,80,2
19:28,100,3
19:29,80,2
19:29,110,5
19:30,-9,10
19:30,40,1
19:30,50,18
19:30,60,62
19:30,70,21
19:30,80,35
19:30,90,3
19:30,100,97
19:30,110,42
19:30,130,1
19:31,50,2
19:31,60,2
19:31,70,2
19:31,110,2
19:32,50,1
19:32,60,2
19:32,100,1
19:33,50,1
19:33,60,3
19:33,100,1
19:34,50,1
19:34,70,3
19:34,100,2
19:35,-9,1
19:35,40,1
19:35,50,6
19:35,60,28
19:35,70,3
19:35,80,11
19:35,90,2
19:35,100,20
19:35,110,11
19:36,-9,1
19:36,50,1
19:36,60,4
19:36,70,1
19:36,80,2
19:36,110,1
19:37,-9,2
19:37,60,1
19:37,75,1
19:37,100,1
19:38,60,6
19:38,70,2
19:38,80,2
19:38,100,3
19:39,50,1
19:39,60,2
19:39,80,1
19:39,100,3
19:39,110,1
19:40,-9,3
19:40,40,1
19:40,50,5
19:40,60,32
19:40,70,8
19:40,80,6
19:40,90,9
19:40,100,34
19:40,110,15
19:41,50,2
19:41,60,3
19:41,100,1
19:41,110,1
19:42,50,1
19:42,60,4
19:42,110,2
19:43,60,1
19:43,80,4
19:43,100,1
19:43,110,1
19:44,60,1
19:44,100,2
19:45,-9,5
19:45,30,1
19:45,40,1
19:45,50,13
19:45,60,34
19:45,70,8
19:45,80,12
19:45,90,1
19:45,100,51
19:45,110,18
19:45,130,1
19:46,60,4
19:46,80,3
19:47,50,2
19:47,60,2
19:47,70,1
19:47,80,3
19:47,110,1
19:48,50,2
19:48,60,2
19:48,80,4
19:48,90,1
19:48,100,2
19:48,110,5
19:49,50,1
19:49,60,2
19:49,100,3
19:50,-9,1
19:50,50,16
19:50,60,43
19:50,70,4
19:50,75,3
19:50,80,12
19:50,90,6
19:50,100,33
19:50,110,12
19:51,50,1
19:51,60,4
19:51,80,1
19:51,100,1
19:51,110,1
19:52,60,1
19:53,60,1
19:53,80,2
19:53,100,1
19:54,10,1
19:54,60,1
19:54,80,2
19:54,100,1
19:55,-9,3
19:55,50,6
19:55,60,21
19:55,70,4
19:55,80,4
19:55,100,21
19:55,110,5
19:56,60,5
19:56,70,1
19:56,80,1
19:56,100,1
19:56,110,1
19:57,60,4
19:57,80,1
19:57,100,2
19:58,60,3
19:58,80,3
19:58,90,1
19:58,100,3
19:59,60,2
19:59,80,3
19:59,100,4
19:59,110,1
20:00,-9,14
20:00,20,1
20:00,40,6
20:00,50,29
20:00,60,232
20:00,70,21
20:00,80,83
20:00,90,6
20:00,100,232
20:00,110,63
20:01,50,1
20:01,80,1
20:02,50,3
20:02,60,1
20:02,80,1
20:02,100,5
20:03,60,1
20:03,80,2
20:03,100,1
20:04,40,1
20:04,60,3
20:04,80,4
20:04,100,1
20:05,50,4
20:05,60,26
20:05,70,4
20:05,80,17
20:05,90,1
20:05,100,27
20:05,110,7
20:06,50,3
20:06,100,2
20:06,110,2
20:07,50,1
20:07,60,2
20:07,80,1
20:07,100,1
20:08,50,1
20:08,60,2
20:08,100,5
20:08,110,1
20:09,50,1
20:09,60,1
20:09,80,1
20:09,100,4
20:09,110,1
20:10,-9,3
20:10,20,1
20:10,50,2
20:10,60,35
20:10,70,5
20:10,75,2
20:10,80,15
20:10,90,2
20:10,100,39
20:10,110,11
20:11,60,1
20:11,100,2
20:11,130,1
20:12,60,3
20:12,80,3
20:12,100,3
20:13,60,2
20:13,80,2
20:13,110,6
20:14,50,1
20:14,70,1
20:14,80,2
20:14,100,8
20:14,110,2
20:15,-9,7
20:15,50,16
20:15,60,40
20:15,70,8
20:15,75,1
20:15,80,11
20:15,90,2
20:15,100,57
20:15,110,22
20:16,60,2
20:16,70,3
20:16,80,1
20:16,100,2
20:17,-9,2
20:17,60,1
20:17,75,1
20:17,100,2
20:18,50,1
20:18,60,2
20:18,100,1
20:18,110,1
20:19,50,1
20:19,70,2
20:19,80,1
20:19,100,1
20:19,110,1
20:20,-9,3
20:20,40,1
20:20,50,5
20:20,60,40
20:20,70,5
20:20,80,12
20:20,90,1
20:20,100,55
20:20,110,10
20:21,60,2
20:21,80,1
20:21,100,1
20:22,60,1
20:22,100,1
20:22,110,2
20:23,60,1
20:23,80,1
20:23,110,1
20:24,50,2
20:24,60,2
20:24,70,1
20:24,80,2
20:24,100,2
20:25,-9,1
20:25,50,3
20:25,60,27
20:25,70,3
20:25,80,5
20:25,100,16
20:25,110,11
20:26,60,4
20:26,70,1
20:27,60,1
20:27,80,2
20:27,100,1
20:28,50,1
20:28,60,3
20:28,80,1
20:29,50,1
20:29,60,4
20:29,70,1
20:29,90,1
20:29,110,1
20:30,-9,10
20:30,40,1
20:30,50,11
20:30,60,66
20:30,70,15
20:30,75,3
20:30,80,29
20:30,90,4
20:30,100,98
20:30,110,37
20:30,130,1
20:31,60,1
20:31,110,2
20:32,25,1
20:32,60,4
20:32,80,1
20:32,100,2
20:32,110,1
20:33,70,1
20:33,80,1
20:33,100,3
20:34,50,1
20:34,90,1
20:34,100,1
20:34,110,1
20:35,-9,2
20:35,50,2
20:35,60,21
20:35,70,3
20:35,80,11
20:35,90,1
20:35,100,13
20:35,110,8
20:36,70,3
20:36,80,1
20:36,100,2
20:36,110,2
20:37,-9,1
20:37,60,3
20:37,70,2
20:37,100,1
20:37,110,1
20:38,60,4
20:39,60,1
20:40,-9,3
20:40,40,1
20:40,50,8
20:40,60,36
20:40,70,7
20:40,75,1
20:40,80,11
20:40,90,5
20:40,100,27
20:40,110,14
20:41,60,1
20:41,100,1
20:41,110,2
20:42,50,1
20:42,60,2
20:42,70,1
20:42,80,1
20:42,100,2
20:43,50,1
20:43,60,2
20:43,70,1
20:43,80,1
20:43,100,2
20:43,110,1
20:44,50,1
20:44,60,1
20:44,70,3
20:44,80,1
20:44,100,2
20:44,110,1
20:45,-9,3
20:45,40,2
20:45,50,9
20:45,60,42
20:45,70,6
20:45,80,19
20:45,90,5
20:45,100,45
20:45,110,20
20:46,50,2
20:46,80,3
20:46,100,1
20:47,50,1
20:47,60,1
20:47,80,1
20:47,100,1
20:48,60,3
20:48,70,1
20:48,80,2
20:49,-9,1
20:49,60,1
20:49,70,2
20:50,-9,3
20:50,50,4
20:50,60,40
20:50,70,9
20:50,80,13
20:50,100,40
20:50,110,10
20:51,50,1
20:51,60,1
20:52,60,2
20:52,80,3
20:53,60,4
20:53,90,1
20:53,100,3
20:53,110,1
20:54,-9,1
20:54,60,2
20:54,80,4
20:54,100,2
20:55,-9,2
20:55,20,1
20:55,40,1
20:55,50,5
20:55,60,22
20:55,70,5
20:55,80,12
20:55,100,15
20:55,110,6
20:56,50,1
20:56,60,1
20:56,100,2
20:56,110,2
20:57,50,2
20:57,60,1
20:57,80,4
20:57,100,1
20:58,50,2
20:58,60,3
20:58,70,1
20:58,80,1
20:58,100,2
20:58,110,1
20:59,60,2
20:59,70,2
20:59,100,2
21:00,-9,13
21:00,40,7
21:00,50,33
21:00,60,200
21:00,70,35
21:00,75,1
21:00,80,79
21:00,90,8
21:00,100,229
21:00,110,43
21:00,130,1
21:01,50,2
21:01,60,1
21:01,70,1
21:01,80,1
21:02,-9,1
21:02,40,1
21:02,60,4
21:02,70,1
21:02,80,1
21:03,50,1
21:03,60,2
21:03,80,1
21:03,100,1
21:04,60,2
21:04,100,1
21:05,-9,2
21:05,50,5
21:05,60,28
21:05,70,4
21:05,80,11
21:05,100,19
21:05,110,10
21:06,-9,1
21:06,50,1
21:06,60,4
21:06,70,1
21:06,80,1
21:06,90,1
21:06,100,2
21:07,50,1
21:07,60,2
21:07,70,2
21:07,80,2
21:07,100,1
21:07,110,1
21:08,60,2
21:08,80,1
21:08,100,2
21:08,110,1
21:09,-9,2
21:09,100,1
21:10,-9,6
21:10,50,6
21:10,60,33
21:10,70,10
21:10,80,17
21:10,90,6
21:10,100,27
21:10,110,10
21:11,60,2
21:12,-9,1
21:12,60,3
21:12,70,1
21:12,100,4
21:12,110,1
21:13,-9,1
21:13,50,1
21:13,70,3
21:13,80,1
21:13,90,1
21:13,100,3
21:14,60,1
21:14,80,1
21:14,110,2
21:15,-9,5
21:15,40,1
21:15,50,4
21:15,60,43
21:15,70,11
21:15,80,25
21:15,90,2
21:15,100,36
21:15,110,14
21:16,-9,1
21:16,60,2
21:16,80,1
21:16,90,1
21:16,100,1
21:17,-9,1
21:17,50,1
21:17,60,2
21:17,70,1
21:17,80,2
21:17,100,1
21:17,110,2
21:18,60,1
21:18,70,1
21:18,80,5
21:18,100,1
21:18,110,2
21:19,60,3
21:19,80,1
21:19,100,1
21:20,-9,9
21:20,40,2
21:20,50,6
21:20,60,22
21:20,70,8
21:20,80,19
21:20,90,2
21:20,100,31
21:20,110,11
21:21,-9,1
21:21,50,1
21:21,60,4
21:21,80,2
21:21,100,1
21:22,80,1
21:22,100,1
21:22,110,3
21:23,40,1
21:23,60,2
21:23,80,2
21:23,100,2
21:24,60,2
21:25,-9,1
21:25,50,9
21:25,60,26
21:25,70,4
21:25,80,4
21:25,90,2
21:25,100,16
21:25,110,2
21:26,50,1
21:26,60,1
21:27,50,1
21:27,60,2
21:27,80,1
21:27,100,2
21:28,50,2
21:28,60,2
21:28,100,2
21:28,110,2
21:29,60,2
21:29,80,1
21:29,100,1
21:29,110,1
21:30,-9,10
21:30,20,1
21:30,40,2
21:30,50,20
21:30,60,49
21:30,70,12
21:30,80,24
21:30,90,5
21:30,100,107
21:30,110,43
21:31,70,3
21:32,50,1
21:32,80,1
21:33,60,2
21:33,70,1
21:33,80,1
21:33,110,2
21:34,50,2
21:34,60,3
21:34,80,1
21:34,110,3
21:35,-9,1
21:35,50,1
21:35,60,18
21:35,70,2
21:35,80,6
21:35,90,2
21:35,100,13
21:35,110,2
21:36,80,1
21:36,100,1
21:37,100,5
21:38,50,1
21:38,60,2
21:38,80,2
21:38,100,3
21:38,110,2
21:39,60,1
21:39,70,1
21:39,110,1
21:40,-9,1
21:40,50,6
21:40,60,34
21:40,70,3
21:40,75,2
21:40,80,14
21:40,90,1
21:40,100,40
21:40,110,9
21:41,50,2
21:41,70,2
21:41,110,1
21:42,60,2
21:42,80,2
21:42,110,2
21:43,90,3
21:43,100,2
21:43,110,2
21:44,50,5
21:44,60,4
21:44,70,3
21:44,80,1
21:44,110,3
21:45,-9,7
21:45,40,1
21:45,50,3
21:45,60,37
21:45,70,8
21:45,75,1
21:45,80,19
21:45,90,3
21:45,100,42
21:45,110,21
21:45,130,1
21:46,50,1
21:46,60,1
21:46,80,2
21:46,100,2
21:46,110,1
21:47,-9,1
21:47,60,1
21:47,70,1
21:47,80,2
21:47,90,1
21:47,100,1
21:48,100,4
21:49,60,2
21:49,70,1
21:49,80,2
21:49,90,1
21:50,50,7
21:50,60,30
21:50,70,1
21:50,80,11
21:50,90,2
21:50,100,27
21:50,110,8
21:51,50,2
21:51,60,2
21:51,70,1
21:51,80,3
21:52,60,2
21:52,100,1
21:53,-9,1
21:53,60,3
21:53,80,2
21:53,110,2
21:54,70,1
21:54,100,5
21:54,110,2
21:55,-9,1
21:55,50,6
21:55,60,21
21:55,70,5
21:55,80,11
21:55,90,1
21:55,100,14
21:55,110,4
21:56,60,2
21:56,80,2
21:56,100,4
21:56,110,2
21:57,60,3
21:57,100,1
21:58,50,2
21:58,60,3
21:58,70,1
21:58,80,2
21:58,90,1
21:58,110,1
21:59,50,2
21:59,70,1
22:00,-9,14
22:00,20,1
22:00,30,1
22:00,40,9
22:00,50,32
22:00,60,174
22:00,70,32
22:00,80,89
22:00,90,5
22:00,100,256
22:00,110,58
22:00,130,2
22:01,60,1
22:01,70,2
22:01,80,1
22:01,100,1
22:01,110,1
22:02,40,2
22:02,60,3
22:02,100,2
22:02,110,2
22:03,60,2
22:03,70,1
22:03,80,1
22:03,110,1
22:04,50,2
22:04,60,1
22:04,70,1
22:04,75,1
22:04,80,1
22:05,-9,1
22:05,40,1
22:05,50,2
22:05,60,25
22:05,70,6
22:05,80,10
22:05,90,1
22:05,100,19
22:05,110,5
22:06,60,3
22:06,80,1
22:07,-9,1
22:07,50,1
22:07,100,2
22:08,60,2
22:08,80,1
22:08,110,1
22:09,50,3
22:09,60,2
22:10,-9,1
22:10,50,4
22:10,60,22
22:10,70,11
22:10,75,2
22:10,80,17
22:10,90,3
22:10,100,19
22:10,110,17
22:11,50,1
22:11,100,2
22:11,110,1
22:12,10,1
22:12,60,7
22:12,70,1
22:12,90,1
22:12,100,1
22:12,110,2
22:13,50,1
22:13,60,1
22:13,70,3
22:13,80,2
22:13,90,1
22:13,100,1
22:14,50,2
22:14,60,3
22:14,100,2
22:15,-9,8
22:15,40,4
22:15,50,4
22:15,60,34
22:15,70,5
22:15,80,17
22:15,90,5
22:15,100,34
22:15,110,17
22:16,50,2
22:16,60,4
22:16,80,1
22:16,100,2
22:16,110,3
22:17,60,1
22:17,80,1
22:17,100,2
22:17,110,3
22:18,50,1
22:18,60,3
22:18,110,1
22:19,60,2
22:19,80,1
22:19,100,2
22:20,-9,1
22:20,50,5
22:20,60,41
22:20,70,10
22:20,75,2
22:20,80,11
22:20,90,2
22:20,100,35
22:20,110,18
22:21,50,1
22:21,60,2
22:21,80,1
22:21,100,1
22:22,60,2
22:22,70,2
22:22,80,5
22:22,110,1
22:23,60,2
22:23,70,2
22:23,100,1
22:24,60,2
22:24,75,1
22:25,-9,4
22:25,40,1
22:25,50,6
22:25,60,24
22:25,70,2
22:25,80,4
22:25,100,18
22:25,110,4
22:26,50,1
22:26,60,2
22:26,80,1
22:26,100,1
22:27,50,2
22:27,60,4
22:27,70,1
22:27,80,1
22:27,100,1
22:27,130,1
22:28,60,2
22:28,70,2
22:28,80,3
22:29,50,1
22:29,60,1
22:29,110,1
22:30,-9,14
22:30,20,1
22:30,50,6
22:30,60,77
22:30,70,16
22:30,80,28
22:30,90,6
22:30,100,79
22:30,110,43
22:30,130,1
22:31,50,3
22:31,60,2
22:31,70,1
22:32,70,1
22:32,80,1
22:32,100,1
22:33,60,1
22:34,110,1
22:35,-9,1
22:35,50,6
22:35,60,26
22:35,70,4
22:35,80,9
22:35,90,1
22:35,100,20
22:35,130,2
22:36,-9,1
22:36,60,1
22:36,70,1
22:37,50,1
22:37,60,2
22:37,110,2
22:38,60,3
22:38,80,3
22:38,110,3
22:39,-9,1
22:39,50,1
22:39,60,1
22:39,100,2
22:39,110,1
22:40,-9,2
22:40,50,7
22:40,60,31
22:40,70,5
22:40,75,1
22:40,80,17
22:40,90,3
22:40,100,29
22:40,110,10
22:41,110,1
22:42,80,1
22:42,100,4
22:42,110,1
22:43,-9,1
22:43,60,2
22:43,80,1
22:43,100,1
22:44,50,1
22:44,60,2
22:44,80,2
22:44,110,2
22:45,-9,4
22:45,40,1
22:45,50,10
22:45,60,37
22:45,70,6
22:45,75,2
22:45,80,13
22:45,90,4
22:45,100,31
22:45,110,14
22:46,60,2
22:46,80,1
22:47,70,1
22:47,80,1
22:48,50,1
22:48,60,1
22:48,80,1
22:48,100,2
22:49,50,1
22:49,60,2
22:49,70,2
22:49,80,1
22:49,90,1
22:49,100,1
22:50,-9,3
22:50,40,1
22:50,50,5
22:50,60,41
22:50,70,6
22:50,75,1
22:50,80,14
22:50,90,3
22:50,100,27
22:50,110,14
22:51,40,2
22:51,80,1
22:52,110,3
22:53,60,1
22:53,70,1
22:53,80,1
22:54,60,1
22:54,80,2
22:54,100,4
22:55,40,1
22:55,50,3
22:55,60,15
22:55,70,3
22:55,75,1
22:55,80,5
22:55,100,5
22:55,110,4
22:56,60,1
22:56,110,1
22:57,90,1
22:58,60,3
22:58,80,1
22:58,100,1
22:58,110,2
22:59,70,1
23:00,-9,24
23:00,10,1
23:00,30,1
23:00,40,7
23:00,50,28
23:00,60,181
23:00,70,30
23:00,75,2
23:00,80,79
23:00,90,9
23:00,100,231
23:00,110,51
23:01,80,1
23:02,80,1
23:03,60,3
23:03,70,1
23:03,110,1
23:04,-9,1
23:04,10,1
23:04,40,1
23:04,60,4
23:04,70,1
23:04,100,2
23:04,110,3
23:05,-9,3
23:05,50,1
23:05,60,21
23:05,70,5
23:05,80,13
23:05,90,2
23:05,100,12
23:05,110,5
23:06,80,1
23:06,110,2
23:07,60,2
23:07,75,1
23:07,110,1
23:08,60,1
23:08,80,1
23:09,50,1
23:09,60,7
23:09,130,1
23:10,-9,4
23:10,50,7
23:10,60,29
23:10,70,4
23:10,75,3
23:10,80,14
23:10,90,4
23:10,100,18
23:10,110,5
23:11,50,2
23:11,60,3
23:11,80,1
23:11,110,4
23:12,50,1
23:12,60,3
23:12,80,1
23:12,100,1
23:13,60,2
23:13,75,1
23:13,80,2
23:13,100,2
23:13,110,2
23:14,50,2
23:14,60,1
23:14,80,1
23:14,100,1
23:14,110,1
23:15,-9,5
23:15,40,1
23:15,50,5
23:15,60,35
23:15,70,5
23:15,75,1
23:15,80,17
23:15,90,4
23:15,100,43
23:15,110,16
23:16,50,1
23:16,80,2
23:16,100,1
23:17,60,2
23:17,100,2
23:17,110,1
23:18,60,1
23:18,70,1
23:18,80,1
23:19,110,1
23:20,-9,7
23:20,40,1
23:20,50,6
23:20,60,36
23:20,70,2
23:20,75,1
23:20,80,18
23:20,90,1
23:20,100,27
23:20,110,6
23:20,130,1
23:21,60,1
23:22,50,2
23:22,60,4
23:22,100,3
23:22,110,1
23:23,50,2
23:23,60,5
23:23,70,1
23:23,80,1
23:24,50,1
23:24,60,1
23:24,70,1
23:25,40,1
23:25,50,4
23:25,60,30
23:25,70,4
23:25,75,2
23:25,80,7
23:25,90,1
23:25,100,16
23:25,110,11
23:26,50,1
23:27,50,1
23:27,60,4
23:27,80,2
23:28,50,3
23:28,60,1
23:28,80,1
23:28,100,4
23:28,110,1
23:29,50,1
23:29,60,1
23:29,70,1
23:29,100,1
23:30,-9,10
23:30,40,1
23:30,50,12
23:30,60,49
23:30,70,15
23:30,75,7
23:30,80,35
23:30,90,1
23:30,100,75
23:30,110,33
23:30,130,1
23:31,-9,1
23:31,110,1
23:32,60,1
23:32,90,1
23:32,110,1
23:33,60,3
23:33,80,1
23:34,60,3
23:34,80,1
23:34,100,2
23:35,50,4
23:35,60,21
23:35,70,2
23:35,80,7
23:35,100,7
23:35,110,3
23:36,60,3
23:36,100,2
23:37,50,1
23:37,60,3
23:37,80,1
23:37,100,2
23:37,110,1
23:38,50,1
23:38,60,1
23:38,80,1
23:38,100,2
23:39,50,1
23:39,60,2
23:39,80,1
23:39,90,2
23:39,100,1
23:40,-9,3
23:40,50,2
23:40,60,27
23:40,70,9
23:40,75,2
23:40,80,17
23:40,90,2
23:40,100,24
23:40,110,14
23:41,50,1
23:41,60,2
23:41,70,1
23:41,80,2
23:42,80,1
23:42,100,4
23:42,110,1
23:44,70,1
23:44,100,2
23:44,110,2
23:45,-9,7
23:45,50,15
23:45,60,44
23:45,70,6
23:45,75,2
23:45,80,9
23:45,90,1
23:45,100,41
23:45,110,21
23:46,60,1
23:46,70,2
23:46,90,1
23:46,100,2
23:47,60,4
23:47,100,1
23:47,110,1
23:48,-9,1
23:48,50,2
23:48,60,1
23:48,70,1
23:48,90,3
23:48,100,2
23:48,110,3
23:49,30,1
23:49,50,1
23:49,60,3
23:49,100,2
23:49,110,1
23:50,-9,5
23:50,40,1
23:50,50,6
23:50,60,35
23:50,70,8
23:50,80,20
23:50,90,3
23:50,100,27
23:50,110,9
23:51,80,1
23:52,50,2
23:52,80,2
23:52,100,1
23:54,60,1
23:54,80,3
23:54,100,1
23:55,-9,4
23:55,20,1
23:55,40,1
23:55,50,7
23:55,60,24
23:55,70,7
23:55,80,11
23:55,90,2
23:55,100,19
23:55,110,13
23:56,60,4
23:56,80,1
23:57,60,3
23:57,75,1
23:57,80,1
23:57,90,1
23:58,40,1
23:58,50,4
23:58,60,5
23:58,70,2
23:58,80,5
23:58,100,2
23:59,-9,1
23:59,40,1
23:59,50,3
23:59,60,3
23:59,70,1
23:59,80,3
23:59,100,8
,-9,0
,50,30
,60,125
,80,50
,100,165
,110,25
,130,0
